Recorded Date/Time,ID,Sub ID,Job Name,Status,Owner,Logical Printer,Arrived,RIP Start Date/Time,RIP Elapsed Time,Rasterization Start Date/Time,Rasterization Elapsed Time,Printing Start Date/Time,Elapsed Printing Time,Printed,Color Mode,Paper Type,Media Name,Paper Tray,Paper Size,Paper Width,Paper Length,2 Sided,Copies,Input Pages,Printed Pages,Printed Color Pages,Printed Black & White Pages,Pages Printed with Specialty Toner,Pages Printed with GLD #1,Pages Printed with SLV #1,Pages Printed with CLR #1,Pages Printed with WHT #1,Pages Printed with CR #1,Pages Printed with P #1,Printed Blank Pages,Printed Sheets,Last Printed Page,Waste Sheets,Banner Sheet,Account,Error Info
4/4/2026 3:29:45 PM,1,,BIG 2 new.pdf,RIP Completed,Administrator,,4/4/2026 3:29:08 PM,4/4/2026 3:29:27 PM,0:00:18,,,,,,Full Color,,,,,0,0,None,1,32,0,0,0,0,0,0,0,0,0,0,0,0,,0,None,,
4/4/2026 3:30:23 PM,2,,Mahabaleshwar discount card.pdf,RIP Completed,Administrator,,4/4/2026 3:30:17 PM,4/4/2026 3:30:20 PM,0:00:03,,,,,,Full Color,,,,,0,0,None,1,2,0,0,0,0,0,0,0,0,0,0,0,0,,0,None,,
4/4/2026 3:38:13 PM,2,,Mahabaleshwar discount card.pdf,Printing Completed,Administrator,,4/4/2026 3:30:17 PM,4/4/2026 3:34:51 PM,0:00:03,4/4/2026 3:34:54 PM,0:00:02,4/4/2026 3:37:44 PM,0:00:29,4/4/2026 3:38:13 PM,Full Color,"Custom,White,221 - 256gsm",,Tray 7,Custom(297.0 x 483.0 mm),297,483,None,1,2,2,1,1,0,0,0,0,0,0,0,0,2,,0,None,,
4/4/2026 3:40:15 PM,2,,Mahabaleshwar discount card.pdf,Printing Completed,Administrator,,4/4/2026 3:30:17 PM,4/4/2026 3:39:37 PM,0:00:04,4/4/2026 3:39:40 PM,0:00:02,4/4/2026 3:39:52 PM,0:00:23,4/4/2026 3:40:15 PM,Full Color,"Custom,White,221 - 256gsm",,Tray 7,Custom(297.0 x 483.0 mm),297,483,None,1,1,1,1,0,0,0,0,0,0,0,0,0,1,,0,None,,
4/4/2026 4:02:22 PM,2,,Mahabaleshwar discount card.pdf,Error,Administrator,,4/4/2026 3:30:17 PM,,0:00:04,,0:00:02,,,,Full Color,,,,,0,0,None,1,1,0,0,0,0,0,0,0,0,0,0,0,0,,0,None,,Tray 7 Not Installed Properly
4/4/2026 4:06:44 PM,2,,Mahabaleshwar discount card.pdf,Printing Completed,Administrator,,4/4/2026 3:30:17 PM,4/4/2026 3:39:37 PM,0:00:04,4/4/2026 4:05:19 PM,0:00:02,4/4/2026 4:06:22 PM,0:00:22,4/4/2026 4:06:44 PM,Full Color,"Custom,White,221 - 256gsm",,Tray 7,Custom(297.0 x 483.0 mm),297,483,None,1,1,1,1,0,0,0,0,0,0,0,0,0,1,,0,None,,
4/4/2026 4:08:10 PM,2,,Mahabaleshwar discount card.pdf,Printing Completed,Administrator,,4/4/2026 3:30:17 PM,4/4/2026 4:07:33 PM,0:00:02,4/4/2026 4:07:35 PM,0:00:01,4/4/2026 4:07:44 PM,0:00:26,4/4/2026 4:08:10 PM,Full Color,"Custom,White,221 - 256gsm",,Tray 7,Custom(297.0 x 483.0 mm),297,483,None,1,1,1,0,1,0,0,0,0,0,0,0,0,1,,0,None,,
4/4/2026 4:12:38 PM,2,,Mahabaleshwar discount card.pdf,Printing Completed,Administrator,,4/4/2026 3:30:17 PM,4/4/2026 4:11:14 PM,0:00:03,4/4/2026 4:11:17 PM,0:00:02,4/4/2026 4:12:11 PM,0:00:27,4/4/2026 4:12:38 PM,Full Color,"Custom,White,221 - 256gsm",,Tray 7,Custom(297.0 x 483.0 mm),297,483,None,1,2,2,1,1,0,0,0,0,0,0,0,0,2,,0,None,,
4/4/2026 4:33:00 PM,2,,Mahabaleshwar discount card.pdf,Held,Administrator,,4/4/2026 3:30:17 PM,4/4/2026 4:11:14 PM,0:00:03,4/4/2026 4:31:39 PM,0:00:03,4/4/2026 4:32:01 PM,0:00:59,4/4/2026 4:33:00 PM,Full Color,,,,Custom(297.0 x 483.0 mm),297,483,None,1,2,0,0,0,0,0,0,0,0,0,0,0,0,,2,None,,
4/4/2026 4:36:07 PM,2,,Mahabaleshwar discount card.pdf,Printing Completed,Administrator,,4/4/2026 3:30:17 PM,4/4/2026 4:34:26 PM,0:00:03,4/4/2026 4:34:29 PM,0:00:02,4/4/2026 4:35:44 PM,0:00:23,4/4/2026 4:36:07 PM,Full Color,"Custom,White,221 - 256gsm",,Tray 6,Custom(297.0 x 483.0 mm),297,483,None,1,1,1,1,0,0,0,0,0,0,0,0,0,1,,0,None,,
4/4/2026 4:36:52 PM,1,,BIG 2 new.pdf,Held,Administrator,,4/4/2026 3:29:08 PM,4/4/2026 3:29:27 PM,0:00:18,4/4/2026 4:36:06 PM,0:00:21,4/4/2026 4:36:17 PM,0:00:35,4/4/2026 4:36:52 PM,Full Color,"Custom,White,221 - 256gsm",,Tray 7,Custom(297.0 x 483.0 mm),297,483,None,1,32,7,7,0,0,0,0,0,0,0,0,0,7,7 Pages,0,None,,
4/4/2026 4:38:40 PM,2,,Mahabaleshwar discount card.pdf,Printing Completed,Administrator,,4/4/2026 3:30:17 PM,4/4/2026 4:37:36 PM,0:00:02,4/4/2026 4:37:38 PM,0:00:02,4/4/2026 4:38:12 PM,0:00:28,4/4/2026 4:38:40 PM,Full Color,"Custom,White,221 - 256gsm",,Tray 7,Custom(297.0 x 483.0 mm),297,483,None,1,2,2,1,1,0,0,0,0,0,0,0,0,2,,0,None,,
4/4/2026 4:43:37 PM,2,,Mahabaleshwar discount card.pdf,Printing Completed,Administrator,,4/4/2026 3:30:17 PM,4/4/2026 4:42:59 PM,0:00:02,4/4/2026 4:43:01 PM,0:00:03,4/4/2026 4:43:13 PM,0:00:23,4/4/2026 4:43:36 PM,Full Color,"Custom,White,221 - 256gsm",,Tray 7,Custom(297.0 x 483.0 mm),297,483,None,1,1,1,1,0,0,0,0,0,0,0,0,0,1,,0,None,,
4/4/2026 4:44:12 PM,3,,test.pdf,RIP Completed,Administrator,,4/4/2026 4:44:11 PM,4/4/2026 4:44:12 PM,0:00:01,,,,,,Full Color,,,,,0,0,None,1,1,0,0,0,0,0,0,0,0,0,0,0,0,,0,None,,
4/4/2026 5:01:35 PM,3,,test.pdf,Printing Completed,Administrator,,4/4/2026 4:44:11 PM,4/4/2026 4:44:12 PM,0:00:01,4/4/2026 5:00:58 PM,0:00:01,4/4/2026 5:01:29 PM,0:00:06,4/4/2026 5:01:35 PM,Full Color,"Custom,White,177 - 220gsm",,Tray 7,Custom(297.0 x 483.0 mm),297,483,None,1,1,1,0,1,0,0,0,0,0,0,0,0,1,,0,None,,
4/4/2026 5:03:12 PM,2,,Mahabaleshwar discount card.pdf,Printing Completed,Administrator,,4/4/2026 3:30:17 PM,4/4/2026 5:01:13 PM,0:00:03,4/4/2026 5:01:16 PM,0:00:02,4/4/2026 5:01:32 PM,0:01:39,4/4/2026 5:03:11 PM,Full Color,"Custom,White,177 - 220gsm",,Tray 7,Custom(297.0 x 483.0 mm),297,483,None,1,2,2,1,1,0,0,0,0,0,0,0,0,2,,0,None,,
4/4/2026 5:04:01 PM,3,,test.pdf,Printing Completed,Administrator,,4/4/2026 4:44:11 PM,4/4/2026 4:44:12 PM,0:00:01,4/4/2026 5:03:26 PM,0:00:01,4/4/2026 5:03:35 PM,0:00:26,4/4/2026 5:04:01 PM,Full Color,"Custom,White,177 - 220gsm",,Tray 7,Custom(297.0 x 483.0 mm),297,483,None,1,1,1,0,1,0,0,0,0,0,0,0,0,1,,0,None,,
4/4/2026 5:11:02 PM,1,,BIG 2 new.pdf,Printing Completed,Administrator,,4/4/2026 3:29:08 PM,4/4/2026 3:29:27 PM,0:00:18,4/4/2026 5:08:06 PM,0:00:21,4/4/2026 5:09:05 PM,0:01:57,4/4/2026 5:11:02 PM,Full Color,"Custom,White,177 - 220gsm",,Tray 7,Custom(297.0 x 483.0 mm),297,483,None,1,32,32,32,0,0,0,0,0,0,0,0,0,32,,0,None,,
4/4/2026 5:21:09 PM,7,,black.pdf,Deleted,Administrator,,4/4/2026 5:20:58 PM,,,,,,,,Full Color,,,,,0,0,None,1,1,0,0,0,0,0,0,0,0,0,0,0,0,,0,None,,
4/4/2026 6:13:02 PM,4,,mahalir  BACK_Ariyalur_Rural_RD_170226_5206_Draft_variable.pdf,Held,Administrator,,4/4/2026 5:13:14 PM,4/4/2026 5:13:16 PM,0:00:00,,,,,,Full Color,,,,,0,0,None,1,184,0,0,0,0,0,0,0,0,0,0,0,0,,0,None,,
4/4/2026 6:13:03 PM,5,,white.pdf,RIP Completed,Administrator,,4/4/2026 5:19:01 PM,4/4/2026 6:13:02 PM,0:00:01,,,,,,Full Color,,,,,0,0,None,1,1,0,0,0,0,0,0,0,0,0,0,0,0,,0,None,,
4/4/2026 6:13:04 PM,6,,black.pdf,RIP Completed,Administrator,,4/4/2026 5:19:28 PM,4/4/2026 6:13:03 PM,0:00:01,,,,,,Full Color,,,,,0,0,None,1,1,0,0,0,0,0,0,0,0,0,0,0,0,,0,None,,
4/4/2026 6:17:08 PM,8,,Untitled-1,Printing Completed,MATHI,lpr_hold,4/4/2026 6:11:36 PM,4/4/2026 6:13:53 PM,0:00:09,4/4/2026 6:14:02 PM,0:00:03,4/4/2026 6:16:34 PM,0:00:34,4/4/2026 6:17:08 PM,Full Color,"Custom,White,177 - 220gsm",,Tray 7,Custom(297.0 x 483.0 mm),297,483,None,1,4,4,4,0,0,0,0,0,0,0,0,0,4,,0,None,,
4/4/2026 6:19:55 PM,6,,black.pdf,Printing Completed,Administrator,,4/4/2026 5:19:28 PM,4/4/2026 6:13:03 PM,0:00:01,4/4/2026 6:19:02 PM,0:00:01,4/4/2026 6:19:48 PM,0:00:07,4/4/2026 6:19:55 PM,Full Color,"Custom,White,136 - 157gsm",,Tray 1,Custom(192.0 x 255.0 mm),192,255,None,1,1,1,1,0,0,0,0,0,0,0,0,0,1,,0,None,,
4/4/2026 6:20:12 PM,5,,white.pdf,Printing Completed,Administrator,,4/4/2026 5:19:01 PM,4/4/2026 6:13:02 PM,0:00:01,4/4/2026 6:20:03 PM,0:00:01,4/4/2026 6:20:06 PM,0:00:06,4/4/2026 6:20:12 PM,Full Color,"Custom,White,136 - 157gsm",,Tray 1,Custom(192.0 x 255.0 mm),192,255,None,1,1,1,1,0,0,0,0,0,0,0,0,0,1,,0,None,,
4/4/2026 6:20:29 PM,6,,black.pdf,Printing Completed,Administrator,,4/4/2026 5:19:28 PM,4/4/2026 6:13:03 PM,0:00:01,4/4/2026 6:20:16 PM,0:00:02,4/4/2026 6:20:19 PM,0:00:10,4/4/2026 6:20:29 PM,Full Color,"Custom,White,136 - 157gsm",,Tray 1,Custom(192.0 x 255.0 mm),192,255,None,5,1,5,5,0,0,0,0,0,0,0,0,0,5,,0,None,,
4/4/2026 6:25:12 PM,4,,mahalir  BACK_Ariyalur_Rural_RD_170226_5206_Draft_variable.pdf,Held,Administrator,,4/4/2026 5:13:14 PM,4/4/2026 6:24:15 PM,0:00:37,4/4/2026 6:24:52 PM,0:00:02,,,,Full Color,,,,,0,0,None,1,1,0,0,0,0,0,0,0,0,0,0,0,0,,0,None,,
4/4/2026 6:27:35 PM,4,,mahalir  BACK_Ariyalur_Rural_RD_170226_5206_Draft_variable.pdf,Printing Completed,Administrator,,4/4/2026 5:13:14 PM,4/4/2026 6:24:15 PM,0:00:37,4/4/2026 6:25:49 PM,0:00:02,4/4/2026 6:27:12 PM,0:00:23,4/4/2026 6:27:35 PM,Full Color,"Custom,White,177 - 220gsm",,Tray 7,Custom(297.0 x 483.0 mm),297,483,None,1,1,1,1,0,0,0,0,0,0,0,0,0,1,,0,None,,
4/4/2026 6:32:41 PM,9,,sangram BLUE 542 COPY.pdf,Held,Administrator,,4/4/2026 6:32:36 PM,,,,,,,,Full Color,,,,,0,0,None,1,1,0,0,0,0,0,0,0,0,0,0,0,0,,0,None,,
4/4/2026 6:42:07 PM,4,,mahalir  BACK_Ariyalur_Rural_RD_170226_5206_Draft_variable.pdf,Held,Administrator,,4/4/2026 5:13:14 PM,4/4/2026 6:29:12 PM,0:00:00,,,,,,Full Color,,,,,0,0,None,1,183,0,0,0,0,0,0,0,0,0,0,0,0,,0,None,,
4/4/2026 7:03:03 PM,9,,sangram BLUE 542 COPY.pdf,Printing Completed,Administrator,,4/4/2026 6:32:36 PM,4/4/2026 6:59:47 PM,0:00:01,4/4/2026 6:59:47 PM,0:00:03,4/4/2026 7:02:49 PM,0:00:14,4/4/2026 7:03:03 PM,Full Color,"Custom,White,136 - 157gsm",,Tray 1,Custom(192.0 x 255.0 mm),192,255,None,10,1,10,10,0,0,0,0,0,0,0,0,0,10,,0,None,,
4/4/2026 7:06:26 PM,10,,mahalir  BACK_Ariyalur_new.pdf,RIP Completed,Administrator,,4/4/2026 7:01:03 PM,4/4/2026 7:06:18 PM,0:00:08,,,,,,Full Color,,,,,0,0,None,1,184,0,0,0,0,0,0,0,0,0,0,0,0,,0,None,,
4/4/2026 7:12:47 PM,9,,sangram BLUE 542 COPY.pdf,Error,Administrator,,4/4/2026 6:32:36 PM,,0:00:01,,0:02:02,,0:09:05,,Full Color,"Custom,White,136 - 157gsm",,Tray 1,Custom(192.0 x 255.0 mm),192,255,None,532,1,367,367,0,0,0,0,0,0,0,0,0,367,"Copy 367, Page 1",1,None,,Tray 1 Out of Paper
4/4/2026 7:17:04 PM,9,,sangram BLUE 542 COPY.pdf,Printing Completed,Administrator,,4/4/2026 6:32:36 PM,4/4/2026 6:59:47 PM,0:00:01,4/4/2026 7:13:47 PM,0:00:38,4/4/2026 7:13:50 PM,0:03:14,4/4/2026 7:17:04 PM,Full Color,"Custom,White,136 - 157gsm",,Tray 1,Custom(192.0 x 255.0 mm),192,255,None,532,1,165,165,0,0,0,0,0,0,0,0,0,165,,0,None,,
4/4/2026 7:21:31 PM,10,,mahalir  BACK_Ariyalur_new.pdf,Printing Completed,Administrator,,4/4/2026 7:01:03 PM,4/4/2026 7:19:20 PM,0:00:02,4/4/2026 7:19:21 PM,0:00:04,4/4/2026 7:20:59 PM,0:00:32,4/4/2026 7:21:31 PM,Full Color,"Custom,White,177 - 220gsm",,Tray 7,Custom(297.0 x 483.0 mm),297,483,None,1,3,3,3,0,0,0,0,0,0,0,0,0,3,,0,None,,
4/4/2026 7:42:24 PM,10,,mahalir  BACK_Ariyalur_new.pdf,Printing Completed,Administrator,,4/4/2026 7:01:03 PM,4/4/2026 7:22:01 PM,0:00:07,4/4/2026 7:22:08 PM,0:13:32,4/4/2026 7:22:20 PM,0:20:04,4/4/2026 7:42:24 PM,Full Color,"Custom,White,177 - 220gsm",,Tray 7,Custom(297.0 x 483.0 mm),297,483,None,1,181,181,181,0,0,0,0,0,0,0,0,0,181,,6,None,,
4/4/2026 8:48:15 PM,12,,mahalir  BACK_Ariyalur_Urban_RD_170226_299_Draft_variable.pdf,Printing Completed,Administrator,,4/4/2026 8:39:29 PM,4/4/2026 8:42:42 PM,0:00:09,4/4/2026 8:42:48 PM,0:00:09,4/4/2026 8:46:11 PM,0:02:04,4/4/2026 8:48:15 PM,Full Color,"Custom,White,177 - 220gsm",,Tray 7,Custom(297.0 x 483.0 mm),297,483,None,1,7,7,7,0,0,0,0,0,0,0,0,0,7,,1,None,,
4/4/2026 8:52:15 PM,11,,big 4.pdf,Printing Completed,Administrator,,4/4/2026 8:38:21 PM,4/4/2026 8:50:56 PM,0:00:04,4/4/2026 8:51:00 PM,0:00:10,4/4/2026 8:51:11 PM,0:01:04,4/4/2026 8:52:15 PM,Full Color,"Custom,White,177 - 220gsm",,Tray 7,Custom(297.0 x 483.0 mm),297,483,None,1,14,14,13,1,0,0,0,0,0,0,0,0,14,,0,None,,
4/4/2026 8:54:46 PM,14,,black.pdf,Printing Completed,Administrator,,4/4/2026 8:48:12 PM,4/4/2026 8:54:05 PM,0:00:01,4/4/2026 8:54:06 PM,0:00:01,4/4/2026 8:54:40 PM,0:00:06,4/4/2026 8:54:46 PM,Grayscale,"Custom,White,136 - 157gsm",,Tray 1,Custom(192.0 x 255.0 mm),192,255,None,1,1,1,0,1,0,0,0,0,0,0,0,0,1,,0,None,,
4/4/2026 9:13:20 PM,15,,mahalir  BACK_Kallakurichi_Rural_RD_18022026_12284_variable.pdf,RIP Completed,Administrator,,4/4/2026 9:13:07 PM,4/4/2026 9:13:08 PM,0:00:12,,,,,,Full Color,,,,,0,0,None,1,264,0,0,0,0,0,0,0,0,0,0,0,0,,0,None,,
4/4/2026 9:13:27 PM,15,,mahalir  BACK_Kallakurichi_Rural_RD_18022026_12284_variable.pdf,Deleted,Administrator,,4/4/2026 9:13:07 PM,,,,,,,,Full Color,,,,,0,0,None,1,264,0,0,0,0,0,0,0,0,0,0,0,0,,0,None,,
4/4/2026 9:17:00 PM,13,,mahalir  BACK_Erode_Rural_Batch10_200225_5541_Draft_variable.pdf,Printing Completed,Administrator,,4/4/2026 8:42:23 PM,4/4/2026 9:01:42 PM,0:00:08,4/4/2026 9:01:50 PM,0:11:55,4/4/2026 9:03:47 PM,0:13:13,4/4/2026 9:17:00 PM,Full Color,"Custom,White,177 - 220gsm",,Tray 7,Custom(297.0 x 483.0 mm),297,483,None,1,198,198,198,0,0,0,0,0,0,0,0,0,198,,3,None,,
4/4/2026 9:17:39 PM,18,,mahalir FRONT common.pdf,Deleted,Administrator,,4/4/2026 9:17:31 PM,,,,,,,,Full Color,,,,,0,0,None,1,1,0,0,0,0,0,0,0,0,0,0,0,0,,0,None,,
4/4/2026 9:20:26 PM,16,,mahalir  BACK_Kallakurichi_Rural_RD_18022026_12284_variable.pdf,RIP Completed,Administrator,,4/4/2026 9:13:40 PM,4/4/2026 9:20:15 PM,0:00:11,,,,,,Full Color,,,,,0,0,None,1,264,0,0,0,0,0,0,0,0,0,0,0,0,,0,None,,
4/4/2026 9:25:21 PM,17,,mahalir FRONT_Kallakurichi_Rural_RD_18022026_12284_variable.pdf,RIP Completed,Administrator,,4/4/2026 9:15:23 PM,4/4/2026 9:20:35 PM,0:04:46,,,,,,Full Color,,,,,0,0,None,1,264,0,0,0,0,0,0,0,0,0,0,0,0,,0,None,,
4/4/2026 9:46:16 PM,16,,mahalir  BACK_Kallakurichi_Rural_RD_18022026_12284_variable.pdf,Printing Completed,Administrator,,4/4/2026 9:13:40 PM,4/4/2026 9:20:15 PM,0:00:11,4/4/2026 9:25:14 PM,0:16:29,4/4/2026 9:25:52 PM,0:20:24,4/4/2026 9:46:16 PM,Full Color,"Custom,White,177 - 220gsm",,Tray 7,Custom(297.0 x 483.0 mm),297,483,None,1,264,264,264,0,0,0,0,0,0,0,0,0,264,,0,None,,
4/4/2026 9:57:19 PM,21,,mahalir  BACK_Kallakurichi_Urban_RD_180226_141_variable.pdf,Printing Completed,Administrator,,4/4/2026 9:44:11 PM,4/4/2026 9:55:59 PM,0:00:03,4/4/2026 9:56:00 PM,0:00:08,4/4/2026 9:56:42 PM,0:00:37,4/4/2026 9:57:19 PM,Full Color,"Custom,White,177 - 220gsm",,Tray 7,Custom(297.0 x 483.0 mm),297,483,None,1,6,6,6,0,0,0,0,0,0,0,0,0,6,,0,None,,
4/4/2026 10:00:51 PM,19,,innovez wrist.pdf,Printing Completed,Administrator,,4/4/2026 9:26:18 PM,4/4/2026 9:59:50 PM,0:00:01,4/4/2026 9:59:51 PM,0:00:01,4/4/2026 10:00:37 PM,0:00:14,4/4/2026 10:00:51 PM,Full Color,"Custom,White,136 - 157gsm",,Tray 1,Custom(192.0 x 255.0 mm),192,255,None,1,1,1,1,0,0,0,0,0,0,0,0,0,1,,0,None,,
4/4/2026 10:06:11 PM,21,,mahalir  BACK_Kallakurichi_Urban_RD_180226_141_variable.pdf,Printing Completed,Administrator,,4/4/2026 9:44:11 PM,4/4/2026 9:55:59 PM,0:00:03,4/4/2026 10:03:58 PM,0:00:05,4/4/2026 10:05:35 PM,0:00:36,4/4/2026 10:06:11 PM,Full Color,"Custom,White,177 - 220gsm",,Tray 7,Custom(297.0 x 483.0 mm),297,483,None,1,6,6,6,0,0,0,0,0,0,0,0,0,6,,0,None,,
4/4/2026 10:07:31 PM,20,,mahalir FRONT_Kallakurichi_Urban_RD_180226_141_variable.pdf,Printing Completed,Administrator,,4/4/2026 9:44:01 PM,4/4/2026 10:06:37 PM,0:00:05,4/4/2026 10:06:42 PM,0:00:05,4/4/2026 10:06:54 PM,0:00:37,4/4/2026 10:07:31 PM,Full Color,"Custom,White,177 - 220gsm",,Tray 7,Custom(297.0 x 483.0 mm),297,483,None,1,6,6,6,0,0,0,0,0,0,0,0,0,6,,0,None,,
4/4/2026 10:21:38 PM,17,,mahalir FRONT_Kallakurichi_Rural_RD_18022026_12284_variable.pdf,Printing Completed,Administrator,,4/4/2026 9:15:23 PM,4/4/2026 9:20:35 PM,0:04:46,4/4/2026 10:07:42 PM,0:09:57,4/4/2026 10:07:54 PM,0:13:44,4/4/2026 10:21:38 PM,Full Color,"Custom,White,177 - 220gsm",,Tray 7,Custom(297.0 x 483.0 mm),297,483,None,1,264,264,264,0,0,0,0,0,0,0,0,0,264,,0,None,,
4/7/2026 12:59:59 AM,22,,innovez wrist.pdf,Printing Completed,Administrator,,4/7/2026 12:56:28 AM,4/7/2026 12:57:18 AM,0:00:05,4/7/2026 12:57:23 AM,0:00:02,4/7/2026 12:59:52 AM,0:00:07,4/7/2026 12:59:59 AM,Full Color,"Custom,White,136 - 157gsm",,Tray 1,Custom(192.0 x 255.0 mm),192,255,None,1,1,1,1,0,0,0,0,0,0,0,0,0,1,,0,None,,
4/7/2026 1:02:39 AM,22,,innovez wrist.pdf,Printing Completed,Administrator,,4/7/2026 12:56:28 AM,4/7/2026 12:57:18 AM,0:00:05,4/7/2026 1:01:35 AM,0:00:15,4/7/2026 1:01:38 AM,0:01:01,4/7/2026 1:02:39 AM,Full Color,"Custom,White,136 - 157gsm",,Tray 1,Custom(192.0 x 255.0 mm),192,255,None,64,1,64,64,0,0,0,0,0,0,0,0,0,64,,0,None,,
4/7/2026 1:05:54 AM,25,,mahalir FRONT_COIM AND KARUR_variable.pdf,Printing Completed,Administrator,,4/7/2026 12:58:59 AM,4/7/2026 1:03:58 AM,0:00:06,4/7/2026 1:04:04 AM,0:00:02,4/7/2026 1:05:26 AM,0:00:28,4/7/2026 1:05:54 AM,Full Color,"Custom,White,177 - 220gsm",,Tray 7,Custom(297.0 x 483.0 mm),297,483,None,1,2,2,2,0,0,0,0,0,0,0,0,0,2,,0,None,,
4/7/2026 1:15:18 AM,26,,mahalir FRONT_Nagapattinam_Rural_Freshdata888_variable.pdf,Error,Administrator,,4/7/2026 12:59:00 AM,,0:03:19,,0:00:22,,0:06:04,,Full Color,"Custom,White,177 - 220gsm",,Tray 7,Custom(297.0 x 483.0 mm),297,483,None,1,32,15,15,0,0,0,0,0,0,0,0,0,15,15 Pages,0,None,,Tray 7 Out of Paper
4/7/2026 1:27:05 AM,26,,mahalir FRONT_Nagapattinam_Rural_Freshdata888_variable.pdf,Printing Completed,Administrator,,4/7/2026 12:59:00 AM,4/7/2026 1:05:43 AM,0:03:19,4/7/2026 1:24:06 AM,0:00:13,4/7/2026 1:25:53 AM,0:01:12,4/7/2026 1:27:05 AM,Full Color,"Custom,White,177 - 220gsm",,Tray 7,Custom(297.0 x 483.0 mm),297,483,None,1,32,17,17,0,0,0,0,0,0,0,0,0,17,,0,None,,
4/7/2026 1:35:03 AM,23,,mahalir  BACK_COIM AND KARUR_variable.pdf,Printing Completed,Administrator,,4/7/2026 12:58:58 AM,4/7/2026 1:32:24 AM,0:00:05,4/7/2026 1:32:26 AM,0:00:05,4/7/2026 1:34:53 AM,0:00:10,4/7/2026 1:35:03 AM,Full Color,"Custom,White,177 - 220gsm",,Tray 7,Custom(297.0 x 483.0 mm),297,483,None,1,2,2,2,0,0,0,0,0,0,0,0,0,2,,0,None,,
4/7/2026 1:36:58 AM,24,,mahalir  BACK_Nagapattinam_Rural_Freshdata888_variable.pdf,Printing Completed,Administrator,,4/7/2026 12:58:58 AM,4/7/2026 1:32:26 AM,0:00:05,4/7/2026 1:32:28 AM,0:00:25,4/7/2026 1:34:59 AM,0:01:59,4/7/2026 1:36:58 AM,Full Color,"Custom,White,177 - 220gsm",,Tray 7,Custom(297.0 x 483.0 mm),297,483,None,1,32,32,32,0,0,0,0,0,0,0,0,0,32,,0,None,,
4/7/2026 2:29:41 AM,27,,mahalir  BACK_Tiruvannamamalai_Rural_100226_18738_RD_Final_Revised_variable.pdf,Printing Completed,Administrator,,4/7/2026 1:31:36 AM,4/7/2026 1:38:38 AM,0:00:32,4/7/2026 1:39:11 AM,0:47:21,4/7/2026 1:39:23 AM,0:50:18,4/7/2026 2:29:41 AM,Full Color,"Custom,White,177 - 220gsm",,Tray 7,Custom(297.0 x 483.0 mm),297,483,None,1,668,668,668,0,0,0,0,0,0,0,0,0,668,,2,None,,
4/7/2026 4:27:04 AM,29,,SARAVAN.pdf,Printing Completed,Administrator,,4/7/2026 4:22:58 AM,4/7/2026 4:23:34 AM,0:00:03,4/7/2026 4:23:37 AM,0:00:01,4/7/2026 4:26:57 AM,0:00:06,4/7/2026 4:27:03 AM,Full Color,"Custom,White,177 - 220gsm",,Tray 7,Custom(297.0 x 483.0 mm),297,483,None,1,1,1,1,0,0,0,0,0,0,0,0,0,1,,0,None,,
4/7/2026 4:27:25 AM,28,,Molar & Anterior Lazer Scale Chart_06-04-2026_ CDR 15.pdf,Printing Completed,Administrator,,4/7/2026 4:22:53 AM,4/7/2026 4:24:09 AM,0:00:01,4/7/2026 4:24:10 AM,0:00:02,4/7/2026 4:27:00 AM,0:00:25,4/7/2026 4:27:25 AM,Full Color,"Custom,White,177 - 220gsm",,Tray 7,Custom(297.0 x 483.0 mm),297,483,None,1,2,2,2,0,0,0,0,0,0,0,0,0,2,,0,None,,
4/7/2026 4:32:28 AM,28,,Molar & Anterior Lazer Scale Chart_06-04-2026_ CDR 15.pdf,Printing Completed,Administrator,,4/7/2026 4:22:53 AM,4/7/2026 4:24:09 AM,0:00:01,4/7/2026 4:29:14 AM,0:00:31,4/7/2026 4:29:59 AM,0:02:29,4/7/2026 4:32:28 AM,Full Color,"Custom,White,177 - 220gsm",,Tray 7,Custom(297.0 x 483.0 mm),297,483,None,24,2,48,48,0,0,0,0,0,0,0,0,0,48,,0,None,,
4/7/2026 4:32:51 AM,30,,BUTTERFLY.pdf,Printing Completed,Administrator,,4/7/2026 4:30:11 AM,4/7/2026 4:31:01 AM,0:00:01,4/7/2026 4:31:02 AM,0:00:02,4/7/2026 4:32:25 AM,0:00:26,4/7/2026 4:32:51 AM,Full Color,"Custom,White,177 - 220gsm",,Tray 7,Custom(297.0 x 483.0 mm),297,483,None,1,2,2,2,0,0,0,0,0,0,0,0,0,2,,0,None,,
4/7/2026 5:09:33 AM,31,,mahalir back_Theni_Rural_11022026_5951_RD_Draft_variable.pdf,Printing Completed,Administrator,,4/7/2026 4:48:39 AM,4/7/2026 4:52:53 AM,0:00:10,4/7/2026 4:53:03 AM,0:11:23,4/7/2026 4:55:24 AM,0:14:09,4/7/2026 5:09:33 AM,Full Color,"Custom,White,177 - 220gsm",,Tray 7,Custom(297.0 x 483.0 mm),297,483,None,1,236,236,236,0,0,0,0,0,0,0,0,0,236,,0,None,,
4/7/2026 5:45:52 AM,32,,mahalir FRONT_Theni_Rural_11022026_5951_RD_Draft_variable.pdf,Printing Completed,Administrator,,4/7/2026 5:02:31 AM,4/7/2026 5:12:02 AM,0:13:39,4/7/2026 5:25:41 AM,0:14:17,4/7/2026 5:28:05 AM,0:17:47,4/7/2026 5:45:52 AM,Full Color,"Custom,White,177 - 220gsm",,Tray 7,Custom(297.0 x 483.0 mm),297,483,None,1,236,236,236,0,0,0,0,0,0,0,0,0,236,,0,None,,
4/7/2026 5:47:03 AM,33,,6 copy.pdf,Printing Completed,Administrator,,4/7/2026 5:31:33 AM,4/7/2026 5:45:52 AM,0:00:02,4/7/2026 5:45:54 AM,0:00:04,4/7/2026 5:46:24 AM,0:00:39,4/7/2026 5:47:03 AM,Full Color,"Custom,White,177 - 220gsm",,Tray 7,Custom(297.0 x 483.0 mm),297,483,None,6,1,6,6,0,0,0,0,0,0,0,0,0,6,,0,None,,
4/7/2026 6:10:41 AM,34,,big 6-4-26.pdf,Printing Completed,Administrator,,4/7/2026 6:05:30 AM,4/7/2026 6:07:17 AM,0:00:05,4/7/2026 6:07:22 AM,0:00:05,4/7/2026 6:09:58 AM,0:00:43,4/7/2026 6:10:41 AM,Full Color,"Custom,White,177 - 220gsm",,Tray 7,Custom(297.0 x 483.0 mm),297,483,None,1,7,7,7,0,0,0,0,0,0,0,0,0,7,,0,None,,
4/7/2026 6:12:48 AM,35,,baby shower wrist band.pdf,Held,Administrator,,4/7/2026 6:11:17 AM,4/7/2026 6:11:55 AM,0:00:02,4/7/2026 6:11:57 AM,0:00:01,,,,Full Color,,,,,0,0,None,1,1,0,0,0,0,0,0,0,0,0,0,0,0,,0,None,,
4/7/2026 6:13:21 AM,35,,baby shower wrist band.pdf,Printing Completed,Administrator,,4/7/2026 6:11:17 AM,4/7/2026 6:11:55 AM,0:00:02,4/7/2026 6:13:03 AM,0:00:01,4/7/2026 6:13:07 AM,0:00:14,4/7/2026 6:13:21 AM,Full Color,"Custom,White,136 - 157gsm",,Tray 1,Custom(192.0 x 255.0 mm),192,255,None,1,1,1,1,0,0,0,0,0,0,0,0,0,1,,0,None,,
4/7/2026 7:10:34 AM,36,,mahalir FRONT_Tiruvannamamalai_Rural_100226_18738_RD_Final_Revised_variable.pdf,Error,Administrator,,4/7/2026 6:14:00 AM,,0:32:19,,0:00:00,,0:12:21,,Full Color,"Custom,White,177 - 220gsm",,Tray 7,Custom(297.0 x 483.0 mm),297,483,None,1,668,133,133,0,0,0,0,0,0,0,0,0,133,133 Pages,0,None,,Tray 7 Out of Paper
4/7/2026 7:16:54 AM,36,,mahalir FRONT_Tiruvannamamalai_Rural_100226_18738_RD_Final_Revised_variable.pdf,Held,Administrator,,4/7/2026 6:14:00 AM,4/7/2026 6:22:36 AM,0:32:19,4/7/2026 7:14:55 AM,0:00:00,4/7/2026 7:15:24 AM,0:01:30,4/7/2026 7:16:54 AM,Full Color,"Custom,White,177 - 220gsm",,Tray 7,Custom(297.0 x 483.0 mm),297,483,None,1,668,22,22,0,0,0,0,0,0,0,0,0,22,155 Pages,0,None,,
4/7/2026 7:20:04 AM,34,,big 6-4-26.pdf,Printing Completed,Administrator,,4/7/2026 6:05:30 AM,4/7/2026 7:19:07 AM,0:00:04,4/7/2026 7:19:11 AM,0:00:02,4/7/2026 7:19:41 AM,0:00:23,4/7/2026 7:20:04 AM,Full Color,"Custom,White,177 - 220gsm",,Tray 7,Custom(297.0 x 483.0 mm),297,483,None,1,1,1,1,0,0,0,0,0,0,0,0,0,1,,0,None,,
4/7/2026 7:20:40 AM,34,,big 6-4-26.pdf,RIP Completed,Administrator,,4/7/2026 6:05:30 AM,4/7/2026 7:20:38 AM,0:00:02,,,,,,Full Color,,,,,0,0,None,1,1,0,0,0,0,0,0,0,0,0,0,0,0,,0,None,,
4/7/2026 7:21:26 AM,34,,big 6-4-26.pdf,Printing Completed,Administrator,,4/7/2026 6:05:30 AM,4/7/2026 7:20:38 AM,0:00:02,4/7/2026 7:20:51 AM,0:00:02,4/7/2026 7:21:03 AM,0:00:23,4/7/2026 7:21:26 AM,Full Color,"Custom,White,177 - 220gsm",,Tray 7,Custom(297.0 x 483.0 mm),297,483,None,1,1,1,1,0,0,0,0,0,0,0,0,0,1,,0,None,,
4/7/2026 7:34:17 AM,36,,mahalir FRONT_Tiruvannamamalai_Rural_100226_18738_RD_Final_Revised_variable.pdf,Printing Completed,Administrator,,4/7/2026 6:14:00 AM,4/7/2026 7:30:57 AM,0:02:07,4/7/2026 7:33:04 AM,0:00:03,4/7/2026 7:33:53 AM,0:00:24,4/7/2026 7:34:17 AM,Full Color,"Custom,White,177 - 220gsm",,Tray 7,Custom(297.0 x 483.0 mm),297,483,None,1,1,1,1,0,0,0,0,0,0,0,0,0,1,,0,None,,
4/7/2026 7:39:50 AM,36,,mahalir FRONT_Tiruvannamamalai_Rural_100226_18738_RD_Final_Revised_variable.pdf,Held,Administrator,,4/7/2026 6:14:00 AM,4/7/2026 7:34:50 AM,0:00:00,,,,,,Full Color,,,,,0,0,None,1,533,0,0,0,0,0,0,0,0,0,0,0,0,,0,None,,
4/7/2026 7:44:45 AM,38,,mahalir FRONT_Theni_Urban_Batch_11022026_RD_4351_Draft_variable.pdf,RIP Completed,Administrator,,4/7/2026 7:40:11 AM,4/7/2026 7:41:11 AM,0:03:34,,,,,,Full Color,,,,,0,0,None,1,174,0,0,0,0,0,0,0,0,0,0,0,0,,0,None,,
4/7/2026 7:47:59 AM,38,,mahalir FRONT_Theni_Urban_Batch_11022026_RD_4351_Draft_variable.pdf,Held,Administrator,,4/7/2026 7:40:11 AM,4/7/2026 7:41:11 AM,0:03:34,4/7/2026 7:44:59 AM,0:00:00,4/7/2026 7:47:18 AM,0:00:41,4/7/2026 7:47:59 AM,Full Color,"Custom,White,177 - 220gsm",,Tray 7,Custom(297.0 x 483.0 mm),297,483,None,1,174,6,6,0,0,0,0,0,0,0,0,0,6,6 Pages,0,None,,
4/7/2026 7:49:37 AM,37,,mahalir  BACK_Theni_Urban_Batch_11022026_RD_4351_Draft_variable.pdf,RIP Completed,Administrator,,4/7/2026 7:40:10 AM,4/7/2026 7:49:28 AM,0:00:09,,,,,,Full Color,,,,,0,0,None,1,174,0,0,0,0,0,0,0,0,0,0,0,0,,0,None,,
4/7/2026 7:56:58 AM,38,,mahalir FRONT_Theni_Urban_Batch_11022026_RD_4351_Draft_variable.pdf,Held,Administrator,,4/7/2026 7:40:11 AM,4/7/2026 7:55:39 AM,0:00:11,4/7/2026 7:55:50 AM,0:00:04,4/7/2026 7:56:29 AM,0:00:29,4/7/2026 7:56:58 AM,Full Color,"Custom,White,177 - 220gsm",,Tray 7,Custom(297.0 x 483.0 mm),297,483,None,1,3,3,3,0,0,0,0,0,0,0,0,0,3,3 Pages,0,None,,
4/7/2026 10:44:22 PM,2,,Mahabaleshwar discount card.pdf,Printing Completed,Administrator,,4/4/2026 3:30:17 PM,4/4/2026 5:01:13 PM,0:00:03,4/7/2026 10:42:59 PM,0:00:03,4/7/2026 10:43:55 PM,0:00:27,4/7/2026 10:44:22 PM,Full Color,"Custom,White,177 - 220gsm",,Tray 7,Custom(297.0 x 483.0 mm),297,483,None,1,2,2,1,1,0,0,0,0,0,0,0,0,2,,0,None,,
4/7/2026 10:48:38 PM,2,,Mahabaleshwar discount card.pdf,Printing Completed,Administrator,,4/4/2026 3:30:17 PM,4/7/2026 10:46:54 PM,0:00:19,4/7/2026 10:47:13 PM,0:00:02,4/7/2026 10:48:15 PM,0:00:23,4/7/2026 10:48:38 PM,Full Color,"Custom,White,177 - 220gsm",,Tray 7,Custom(297.0 x 483.0 mm),297,483,None,1,1,1,1,0,0,0,0,0,0,0,0,0,1,,0,None,,
4/7/2026 10:50:28 PM,26,,mahalir FRONT_Nagapattinam_Rural_Freshdata888_variable.pdf,Printing Completed,Administrator,,4/7/2026 12:59:00 AM,4/7/2026 10:49:22 PM,0:00:13,4/7/2026 10:49:35 PM,0:00:02,4/7/2026 10:50:03 PM,0:00:25,4/7/2026 10:50:28 PM,Full Color,"Custom,White,177 - 220gsm",,Tray 7,Custom(297.0 x 483.0 mm),297,483,None,1,1,1,1,0,0,0,0,0,0,0,0,0,1,,0,None,,
4/7/2026 11:06:01 PM,2,,Mahabaleshwar discount card.pdf,Printing Completed,Administrator,,4/4/2026 3:30:17 PM,4/7/2026 10:46:54 PM,0:00:19,4/7/2026 11:03:31 PM,0:00:02,4/7/2026 11:05:36 PM,0:00:25,4/7/2026 11:06:01 PM,Full Color,"Custom,White,177 - 220gsm",,Tray 7,Custom(297.0 x 483.0 mm),297,483,None,1,1,1,1,0,0,0,0,0,0,0,0,0,1,,0,None,,
4/7/2026 11:12:34 PM,3,,test.pdf,Printing Completed,Administrator,,4/4/2026 4:44:11 PM,4/4/2026 4:44:12 PM,0:00:01,4/7/2026 11:12:21 PM,0:00:01,4/7/2026 11:12:28 PM,0:00:06,4/7/2026 11:12:34 PM,Full Color,"Uncoated,White,177 - 220gsm",,Tray 3,Custom(297.0 x 483.0 mm),297,483,None,1,1,1,0,1,0,0,0,0,0,0,0,0,1,,0,None,,
4/7/2026 11:14:28 PM,3,,test.pdf,Printing Completed,Administrator,,4/4/2026 4:44:11 PM,4/4/2026 4:44:12 PM,0:00:01,4/7/2026 11:13:06 PM,0:00:01,4/7/2026 11:14:07 PM,0:00:21,4/7/2026 11:14:28 PM,Full Color,"Custom,White,177 - 220gsm",,Tray 7,Custom(297.0 x 483.0 mm),297,483,None,1,1,1,0,1,0,0,0,0,0,0,0,0,1,,0,None,,
4/7/2026 11:15:53 PM,2,,Mahabaleshwar discount card.pdf,Printing Completed,Administrator,,4/4/2026 3:30:17 PM,4/7/2026 10:46:54 PM,0:00:19,4/7/2026 11:14:32 PM,0:00:03,4/7/2026 11:15:31 PM,0:00:22,4/7/2026 11:15:53 PM,Full Color,"Custom,White,177 - 220gsm",,Tray 7,Custom(297.0 x 483.0 mm),297,483,None,1,1,1,1,0,0,0,0,0,0,0,0,0,1,,0,None,,
4/7/2026 11:17:10 PM,2,,Mahabaleshwar discount card.pdf,Printing Completed,Administrator,,4/4/2026 3:30:17 PM,4/7/2026 11:16:27 PM,0:00:03,4/7/2026 11:16:30 PM,0:00:02,4/7/2026 11:16:42 PM,0:00:28,4/7/2026 11:17:10 PM,Full Color,"Custom,White,177 - 220gsm",,Tray 7,Custom(297.0 x 483.0 mm),297,483,None,1,2,2,1,1,0,0,0,0,0,0,0,0,2,,0,None,,
4/7/2026 11:18:07 PM,12,,mahalir  BACK_Ariyalur_Urban_RD_170226_299_Draft_variable.pdf,Printing Completed,Administrator,,4/4/2026 8:39:29 PM,4/7/2026 11:17:29 PM,0:00:04,4/7/2026 11:17:30 PM,0:00:04,4/7/2026 11:17:44 PM,0:00:23,4/7/2026 11:18:07 PM,Full Color,"Custom,White,177 - 220gsm",,Tray 7,Custom(297.0 x 483.0 mm),297,483,None,1,1,1,1,0,0,0,0,0,0,0,0,0,1,,0,None,,
4/7/2026 11:24:22 PM,1,,BIG 2 new.pdf,Printing Completed,Administrator,,4/4/2026 3:29:08 PM,4/7/2026 11:21:18 PM,0:00:07,4/7/2026 11:21:25 PM,0:00:02,4/7/2026 11:23:59 PM,0:00:23,4/7/2026 11:24:22 PM,Full Color,"Custom,White,177 - 220gsm",,Tray 7,Custom(297.0 x 483.0 mm),297,483,None,1,1,1,1,0,0,0,0,0,0,0,0,0,1,,0,None,,
4/7/2026 11:26:34 PM,36,,mahalir FRONT_Tiruvannamamalai_Rural_100226_18738_RD_Final_Revised_variable.pdf,Printing Completed,Administrator,,4/7/2026 6:14:00 AM,4/7/2026 11:25:14 PM,0:00:46,4/7/2026 11:26:00 PM,0:00:01,4/7/2026 11:26:11 PM,0:00:23,4/7/2026 11:26:34 PM,Full Color,"Custom,White,177 - 220gsm",,Tray 7,Custom(297.0 x 483.0 mm),297,483,None,1,1,1,1,0,0,0,0,0,0,0,0,0,1,,0,None,,
4/7/2026 11:30:49 PM,36,,mahalir FRONT_Tiruvannamamalai_Rural_100226_18738_RD_Final_Revised_variable.pdf,Held,Administrator,,4/7/2026 6:14:00 AM,4/7/2026 11:28:33 PM,0:00:00,,,,,,Full Color,,,,,0,0,None,1,668,0,0,0,0,0,0,0,0,0,0,0,0,,0,None,,
4/7/2026 11:40:09 PM,32,,mahalir FRONT_Theni_Rural_11022026_5951_RD_Draft_variable.pdf,Deleted,Administrator,,4/7/2026 5:02:31 AM,4/7/2026 5:12:02 AM,0:13:39,4/7/2026 11:37:37 PM,0:00:00,4/7/2026 11:39:29 PM,0:00:39,4/7/2026 11:40:08 PM,Full Color,"Custom,White,177 - 220gsm",,Tray 7,Custom(297.0 x 483.0 mm),297,483,None,1,236,5,5,0,0,0,0,0,0,0,0,0,5,5 Pages,0,None,,
4/7/2026 11:46:04 PM,2,,Mahabaleshwar discount card.pdf,Printing Completed,Administrator,,4/4/2026 3:30:17 PM,4/7/2026 11:45:09 PM,0:00:02,4/7/2026 11:45:11 PM,0:00:02,4/7/2026 11:45:39 PM,0:00:25,4/7/2026 11:46:04 PM,Full Color,"Custom,White,177 - 220gsm",,Tray 7,Custom(297.0 x 483.0 mm),297,483,None,1,1,1,1,0,0,0,0,0,0,0,0,0,1,,0,None,,
4/7/2026 11:50:03 PM,2,,Mahabaleshwar discount card.pdf,Printing Completed,Administrator,,4/4/2026 3:30:17 PM,4/7/2026 11:49:25 PM,0:00:02,4/7/2026 11:49:27 PM,0:00:02,4/7/2026 11:49:39 PM,0:00:23,4/7/2026 11:50:02 PM,Full Color,"Custom,White,177 - 220gsm",,Tray 7,Custom(297.0 x 483.0 mm),297,483,None,1,1,1,1,0,0,0,0,0,0,0,0,0,1,,0,None,,
4/7/2026 11:51:50 PM,2,,Mahabaleshwar discount card.pdf,Printing Completed,Administrator,,4/4/2026 3:30:17 PM,4/7/2026 11:50:54 PM,0:00:03,4/7/2026 11:50:57 PM,0:00:02,4/7/2026 11:51:25 PM,0:00:25,4/7/2026 11:51:50 PM,Full Color,"Custom,White,177 - 220gsm",,Tray 7,Custom(297.0 x 483.0 mm),297,483,None,1,1,1,1,0,0,0,0,0,0,0,0,0,1,,0,None,,
4/7/2026 11:53:07 PM,36,,mahalir FRONT_Tiruvannamamalai_Rural_100226_18738_RD_Final_Revised_variable.pdf,Held,Administrator,,4/7/2026 6:14:00 AM,4/7/2026 11:52:45 PM,0:00:00,,,,,,Full Color,,,,,0,0,None,1,668,0,0,0,0,0,0,0,0,0,0,0,0,,0,None,,
4/7/2026 11:54:22 PM,36,,mahalir FRONT_Tiruvannamamalai_Rural_100226_18738_RD_Final_Revised_variable.pdf,Printing Completed,Administrator,,4/7/2026 6:14:00 AM,4/7/2026 11:53:45 PM,0:00:02,4/7/2026 11:53:47 PM,0:00:02,4/7/2026 11:53:59 PM,0:00:23,4/7/2026 11:54:22 PM,Full Color,"Custom,White,177 - 220gsm",,Tray 7,Custom(297.0 x 483.0 mm),297,483,None,1,1,1,1,0,0,0,0,0,0,0,0,0,1,,0,None,,
4/8/2026 12:04:15 AM,36,,mahalir FRONT_Tiruvannamamalai_Rural_100226_18738_RD_Final_Revised_variable.pdf,Held,Administrator,,4/7/2026 6:14:00 AM,4/7/2026 11:53:45 PM,0:00:02,4/8/2026 12:04:01 AM,0:00:02,,,,Full Color,,,,,0,0,None,1,1,0,0,0,0,0,0,0,0,0,0,0,0,,0,None,,
4/8/2026 12:07:08 AM,36,,mahalir FRONT_Tiruvannamamalai_Rural_100226_18738_RD_Final_Revised_variable.pdf,Printing Completed,Administrator,,4/7/2026 6:14:00 AM,4/8/2026 12:04:50 AM,0:00:05,4/8/2026 12:04:55 AM,0:00:07,4/8/2026 12:06:16 AM,0:00:52,4/8/2026 12:07:08 AM,Full Color,"Custom,White,177 - 220gsm",,Tray 7,Custom(297.0 x 483.0 mm),297,483,None,1,10,10,10,0,0,0,0,0,0,0,0,0,10,,0,None,,
4/8/2026 1:03:46 AM,36,,mahalir FRONT_Tiruvannamamalai_Rural_100226_18738_RD_Final_Revised_variable.pdf,Error,Administrator,,4/7/2026 6:14:00 AM,,0:26:08,,0:00:00,,0:24:48,,Full Color,"Custom,White,177 - 220gsm",,Tray 7,Custom(297.0 x 483.0 mm),297,483,None,1,524,317,317,0,0,0,0,0,0,0,0,0,317,317 Pages,0,None,,Tray 7 Out of Paper
4/8/2026 1:17:04 AM,36,,mahalir FRONT_Tiruvannamamalai_Rural_100226_18738_RD_Final_Revised_variable.pdf,Held,Administrator,,4/7/2026 6:14:00 AM,4/8/2026 12:10:25 AM,0:26:08,4/8/2026 1:04:18 AM,0:08:00,4/8/2026 1:05:05 AM,0:11:59,4/8/2026 1:17:04 AM,Full Color,"Custom,White,177 - 220gsm",,Tray 7,Custom(297.0 x 483.0 mm),297,483,None,1,524,160,160,0,0,0,0,0,0,0,0,0,160,477 Pages,0,None,,
4/8/2026 1:24:50 AM,36,,mahalir FRONT_Tiruvannamamalai_Rural_100226_18738_RD_Final_Revised_variable.pdf,Held,Administrator,,4/7/2026 6:14:00 AM,4/8/2026 1:20:57 AM,0:01:21,4/8/2026 1:22:18 AM,0:00:08,4/8/2026 1:24:07 AM,0:00:43,4/8/2026 1:24:50 AM,Full Color,"Custom,White,177 - 220gsm",,Tray 7,Custom(297.0 x 483.0 mm),297,483,None,1,11,7,7,0,0,0,0,0,0,0,0,0,7,7 Pages,0,None,,
4/8/2026 1:29:19 AM,36,,mahalir FRONT_Tiruvannamamalai_Rural_100226_18738_RD_Final_Revised_variable.pdf,Printing Completed,Administrator,,4/7/2026 6:14:00 AM,4/8/2026 1:28:07 AM,0:00:19,4/8/2026 1:28:26 AM,0:00:02,4/8/2026 1:28:54 AM,0:00:25,4/8/2026 1:29:19 AM,Full Color,"Custom,White,177 - 220gsm",,Tray 7,Custom(297.0 x 483.0 mm),297,483,None,1,2,2,2,0,0,0,0,0,0,0,0,0,2,,0,None,,
4/8/2026 1:30:28 AM,36,,mahalir FRONT_Tiruvannamamalai_Rural_100226_18738_RD_Final_Revised_variable.pdf,Held,Administrator,,4/7/2026 6:14:00 AM,4/8/2026 1:30:14 AM,0:00:00,,,,,,Full Color,,,,,0,0,None,1,610,0,0,0,0,0,0,0,0,0,0,0,0,,0,None,,
4/8/2026 1:32:18 AM,36,,mahalir FRONT_Tiruvannamamalai_Rural_100226_18738_RD_Final_Revised_variable.pdf,Printing Completed,Administrator,,4/7/2026 6:14:00 AM,4/8/2026 1:30:47 AM,0:00:25,4/8/2026 1:31:11 AM,0:00:09,4/8/2026 1:31:23 AM,0:00:55,4/8/2026 1:32:18 AM,Full Color,"Custom,White,177 - 220gsm",,Tray 7,Custom(297.0 x 483.0 mm),297,483,None,1,11,11,11,0,0,0,0,0,0,0,0,0,11,,0,None,,
4/8/2026 1:34:05 AM,36,,mahalir FRONT_Tiruvannamamalai_Rural_100226_18738_RD_Final_Revised_variable.pdf,Held,Administrator,,4/7/2026 6:14:00 AM,4/8/2026 1:33:54 AM,0:00:00,,,,,,Full Color,,,,,0,0,None,1,46,0,0,0,0,0,0,0,0,0,0,0,0,,0,None,,
4/8/2026 1:43:20 AM,36,,mahalir FRONT_Tiruvannamamalai_Rural_100226_18738_RD_Final_Revised_variable.pdf,Printing Completed,Administrator,,4/7/2026 6:14:00 AM,4/8/2026 1:34:24 AM,0:04:25,4/8/2026 1:38:49 AM,0:00:31,4/8/2026 1:40:39 AM,0:02:41,4/8/2026 1:43:20 AM,Full Color,"Custom,White,177 - 220gsm",,Tray 7,Custom(297.0 x 483.0 mm),297,483,None,1,46,46,46,0,0,0,0,0,0,0,0,0,46,,0,None,,
4/8/2026 1:48:37 AM,36,,mahalir FRONT_Tiruvannamamalai_Rural_100226_18738_RD_Final_Revised_variable.pdf,RIP Completed,Administrator,,4/7/2026 6:14:00 AM,4/8/2026 1:46:36 AM,0:02:01,,,,,,Full Color,,,,,0,0,None,1,3,0,0,0,0,0,0,0,0,0,0,0,0,,0,None,,
4/8/2026 1:51:35 AM,34,,big 6-4-26.pdf,RIP Completed,Administrator,,4/7/2026 6:05:30 AM,4/8/2026 1:51:30 AM,0:00:05,,,,,,Full Color,,,,,0,0,None,1,2,0,0,0,0,0,0,0,0,0,0,0,0,,0,None,,
4/8/2026 1:52:34 AM,36,,mahalir FRONT_Tiruvannamamalai_Rural_100226_18738_RD_Final_Revised_variable.pdf,Printing Completed,Administrator,,4/7/2026 6:14:00 AM,4/8/2026 1:46:36 AM,0:02:01,4/8/2026 1:50:17 AM,0:00:04,4/8/2026 1:52:05 AM,0:00:29,4/8/2026 1:52:34 AM,Full Color,"Custom,White,177 - 220gsm",,Tray 7,Custom(297.0 x 483.0 mm),297,483,None,1,3,3,3,0,0,0,0,0,0,0,0,0,3,,0,None,,
4/8/2026 2:00:43 AM,39,,ivm ufh combo.pdf,RIP Completed,Administrator,,4/8/2026 1:36:21 AM,4/8/2026 2:00:40 AM,0:00:03,,,,,,Full Color,,,,,0,0,None,1,4,0,0,0,0,0,0,0,0,0,0,0,0,,0,None,,
4/8/2026 2:01:14 AM,39,,ivm ufh combo.pdf,RIP Completed,Administrator,,4/8/2026 1:36:21 AM,4/8/2026 2:01:13 AM,0:00:01,,,,,,Full Color,,,,,0,0,None,1,1,0,0,0,0,0,0,0,0,0,0,0,0,,0,None,,
4/8/2026 2:01:46 AM,39,,ivm ufh combo.pdf,Printing Completed,Administrator,,4/8/2026 1:36:21 AM,4/8/2026 2:01:13 AM,0:00:01,4/8/2026 2:01:28 AM,0:00:01,4/8/2026 2:01:34 AM,0:00:12,4/8/2026 2:01:46 AM,Full Color,"Custom,White,136 - 157gsm",,Bypass Tray,A3 (297 x 420 mm) SEF,297,420,None,1,1,1,1,0,0,0,0,0,0,0,0,0,1,,0,None,,
4/8/2026 2:06:57 AM,39,,ivm ufh combo.pdf,Printing Completed,Administrator,,4/8/2026 1:36:21 AM,4/8/2026 2:01:13 AM,0:00:01,4/8/2026 2:04:45 AM,0:00:02,4/8/2026 2:06:44 AM,0:00:13,4/8/2026 2:06:57 AM,Full Color,"Custom,White,158 - 176gsm",,Bypass Tray,A3 (297 x 420 mm) SEF,297,420,None,1,1,1,1,0,0,0,0,0,0,0,0,0,1,,0,None,,
4/8/2026 2:09:48 AM,34,,big 6-4-26.pdf,Printing Completed,Administrator,,4/7/2026 6:05:30 AM,4/8/2026 1:51:30 AM,0:00:05,4/8/2026 2:08:59 AM,0:00:02,4/8/2026 2:09:21 AM,0:00:27,4/8/2026 2:09:48 AM,Full Color,"Custom,White,177 - 220gsm",,Tray 7,Custom(297.0 x 483.0 mm),297,483,None,1,2,2,2,0,0,0,0,0,0,0,0,0,2,,0,None,,
4/8/2026 2:14:35 AM,35,,baby shower wrist band.pdf,Printing Completed,Administrator,,4/7/2026 6:11:17 AM,4/7/2026 6:11:55 AM,0:00:02,4/8/2026 2:13:34 AM,0:00:01,4/8/2026 2:14:21 AM,0:00:14,4/8/2026 2:14:35 AM,Full Color,"Custom,White,136 - 157gsm",,Tray 1,Custom(192.0 x 255.0 mm),192,255,None,1,1,1,1,0,0,0,0,0,0,0,0,0,1,,0,None,,
4/8/2026 2:16:22 AM,35,,baby shower wrist band.pdf,Printing Completed,Administrator,,4/7/2026 6:11:17 AM,4/7/2026 6:11:55 AM,0:00:02,4/8/2026 2:15:57 AM,0:00:05,4/8/2026 2:16:00 AM,0:00:22,4/8/2026 2:16:22 AM,Full Color,"Custom,White,136 - 157gsm",,Tray 1,Custom(192.0 x 255.0 mm),192,255,None,19,1,19,19,0,0,0,0,0,0,0,0,0,19,,0,None,,
4/8/2026 2:24:48 AM,39,,ivm ufh combo.pdf,Held,Administrator,,4/8/2026 1:36:21 AM,4/8/2026 2:24:36 AM,0:00:01,4/8/2026 2:24:37 AM,0:00:03,,,,Full Color,,,,,0,0,None,1,3,0,0,0,0,0,0,0,0,0,0,0,0,,0,None,,
4/8/2026 2:31:24 AM,39,,ivm ufh combo.pdf,Error,Administrator,,4/8/2026 1:36:21 AM,,0:00:01,,0:00:03,,0:03:36,,Full Color,,,,A3 (297 x 420 mm) SEF,297,420,None,1,3,0,0,0,0,0,0,0,0,0,0,0,0,,2,None,,Tray 5 Size Mismatch
4/8/2026 2:34:08 AM,39,,ivm ufh combo.pdf,Printing Completed,Administrator,,4/8/2026 1:36:21 AM,4/8/2026 2:24:36 AM,0:00:01,4/8/2026 2:33:19 AM,0:00:02,4/8/2026 2:33:50 AM,0:00:18,4/8/2026 2:34:08 AM,Full Color,"Custom,White,158 - 176gsm",,Bypass Tray,A3 (297 x 420 mm) SEF,297,420,None,1,3,3,3,0,0,0,0,0,0,0,0,0,3,,0,None,,
4/8/2026 4:22:13 AM,40,,TNCDWBatch12P1_Packingsummary.pdf,Printing Completed,Administrator,,4/8/2026 4:05:28 AM,4/8/2026 4:12:00 AM,0:00:40,4/8/2026 4:12:01 AM,0:02:50,4/8/2026 4:13:24 AM,0:08:49,4/8/2026 4:22:13 AM,Full Color,"Uncoated,White,91 - 105gsm",,Tray 2,A4 (210 x 297 mm) LEF,297,210,None,1,593,593,0,593,0,0,0,0,0,0,0,0,593,,0,None,,
4/8/2026 4:24:04 AM,41,,TNCDWBatch12P1_Carton.pdf,Error,Administrator,,4/8/2026 4:06:00 AM,,0:00:01,,0:00:00,,,,Full Color,,,,,0,0,None,1,7,0,0,0,0,0,0,0,0,0,0,0,0,,0,None,,No Tray
4/8/2026 4:25:11 AM,42,,TNCDWBatch12P1_Sleeve.pdf,Error,Administrator,,4/8/2026 4:06:10 AM,,0:00:01,,0:00:00,,,,Full Color,,,,,0,0,None,1,4,0,0,0,0,0,0,0,0,0,0,0,0,,0,None,,No Tray
4/8/2026 4:25:20 AM,41,,TNCDWBatch12P1_Carton.pdf,Deleted,Administrator,,4/8/2026 4:06:00 AM,4/8/2026 4:19:04 AM,0:00:01,4/8/2026 4:25:11 AM,0:00:02,4/8/2026 4:25:15 AM,0:00:05,4/8/2026 4:25:20 AM,Full Color,"Uncoated,White,91 - 105gsm",,Tray 2,A4 (210 x 297 mm) LEF,297,210,None,1,7,2,0,2,0,0,0,0,0,0,0,0,2,2 Pages,0,None,,
4/8/2026 4:26:54 AM,43,,TNCDWBatch12P1_Sleeve.pdf,Printing Completed,Administrator,,4/8/2026 4:26:13 AM,4/8/2026 4:26:41 AM,0:00:01,4/8/2026 4:26:42 AM,0:00:01,4/8/2026 4:26:45 AM,0:00:09,4/8/2026 4:26:54 AM,Full Color,"Uncoated,White,91 - 105gsm",,Tray 2,A4 (210 x 297 mm) LEF,297,210,None,1,4,4,0,4,0,0,0,0,0,0,0,0,4,,0,None,,
4/8/2026 4:30:17 AM,44,,TNCDWBatch12P1_Carton.pdf,Printing Completed,Administrator,,4/8/2026 4:28:58 AM,4/8/2026 4:30:03 AM,0:00:01,4/8/2026 4:30:04 AM,0:00:02,4/8/2026 4:30:08 AM,0:00:09,4/8/2026 4:30:17 AM,Full Color,"Uncoated,White,91 - 105gsm",,Tray 2,A4 (210 x 297 mm) LEF,297,210,None,1,5,5,0,5,0,0,0,0,0,0,0,0,5,,0,None,,
4/8/2026 6:23:02 AM,46,,07-04-2026 job.pdf,RIP Completed,Administrator,,4/8/2026 6:20:55 AM,4/8/2026 6:22:13 AM,0:00:49,,,,,,Full Color,,,,,0,0,None,1,12,0,0,0,0,0,0,0,0,0,0,0,0,,0,None,,
4/8/2026 6:23:52 AM,45,,thick card.pdf,Printing Completed,Administrator,,4/8/2026 6:18:42 AM,4/8/2026 6:19:04 AM,0:00:01,4/8/2026 6:19:05 AM,0:00:02,4/8/2026 6:23:13 AM,0:00:39,4/8/2026 6:23:52 AM,Full Color,"Custom,White,177 - 220gsm",,Tray 7,Custom(297.0 x 483.0 mm),297,483,None,1,2,2,2,0,0,0,0,0,0,0,0,0,2,,0,None,,
4/8/2026 6:26:03 AM,46,,07-04-2026 job.pdf,Printing Completed,Administrator,,4/8/2026 6:20:55 AM,4/8/2026 6:22:13 AM,0:00:49,4/8/2026 6:24:08 AM,0:00:08,4/8/2026 6:25:08 AM,0:00:55,4/8/2026 6:26:03 AM,Full Color,"Custom,White,177 - 220gsm",,Tray 7,Custom(297.0 x 483.0 mm),297,483,None,1,12,12,12,0,0,0,0,0,0,0,0,0,12,,0,None,,
4/8/2026 7:13:01 AM,47,,mahalir FRONT_Tiruppur_Urban_27022026_4193_variable.pdf,Held,Administrator,,4/8/2026 7:06:37 AM,4/8/2026 7:10:55 AM,0:01:27,4/8/2026 7:12:22 AM,0:00:00,,,,Full Color,,,,,0,0,None,1,80,0,0,0,0,0,0,0,0,0,0,0,0,,0,None,,
4/8/2026 7:13:55 AM,47,,mahalir FRONT_Tiruppur_Urban_27022026_4193_variable.pdf,Held,Administrator,,4/8/2026 7:06:37 AM,4/8/2026 7:10:55 AM,0:01:27,4/8/2026 7:13:27 AM,0:00:00,,,,Full Color,,,,,0,0,None,1,80,0,0,0,0,0,0,0,0,0,0,0,0,,0,None,,
4/8/2026 7:14:58 AM,47,,mahalir FRONT_Tiruppur_Urban_27022026_4193_variable.pdf,Deleted,Administrator,,4/8/2026 7:06:37 AM,,,,,,,,Full Color,,,,,0,0,None,1,80,0,0,0,0,0,0,0,0,0,0,0,0,,0,None,,
4/8/2026 7:15:04 AM,48,,mahalir  BACK_Tiruppur_Urban_27022026_4193_variable.pdf,Deleted,Administrator,,4/8/2026 7:07:02 AM,,,,,,,,Full Color,,,,,0,0,None,1,80,0,0,0,0,0,0,0,0,0,0,0,0,,0,None,,
4/8/2026 7:17:01 AM,49,,mahalir FRONT_Tiruppur_Urban_27022026_4193_variable.pdf,Deleted,Administrator,,4/8/2026 7:15:28 AM,4/8/2026 7:16:34 AM,0:00:00,,,,,,Full Color,,,,,0,0,None,1,80,0,0,0,0,0,0,0,0,0,0,0,0,,0,None,,
4/8/2026 7:20:44 AM,50,,mahalir FRONT_Tiruppur_Urban_27022026_4193_variable.pdf,RIP Completed,Administrator,,4/8/2026 7:18:29 AM,4/8/2026 7:19:16 AM,0:01:28,,,,,,Full Color,,,,,0,0,None,1,80,0,0,0,0,0,0,0,0,0,0,0,0,,0,None,,
4/8/2026 7:23:54 AM,50,,mahalir FRONT_Tiruppur_Urban_27022026_4193_variable.pdf,Printing Completed,Administrator,,4/8/2026 7:18:29 AM,4/8/2026 7:21:04 AM,0:00:02,4/8/2026 7:21:05 AM,0:00:03,4/8/2026 7:23:29 AM,0:00:25,4/8/2026 7:23:54 AM,Full Color,"Custom,White,177 - 220gsm",,Tray 7,Custom(297.0 x 483.0 mm),297,483,None,1,1,1,1,0,0,0,0,0,0,0,0,0,1,,0,None,,
4/8/2026 7:25:51 AM,51,,07-04-2026 job (1).pdf,Deleted,Administrator,,4/8/2026 7:25:18 AM,,,,,,,,Full Color,,,,,0,0,None,1,12,0,0,0,0,0,0,0,0,0,0,0,0,,0,None,,
4/8/2026 7:30:51 AM,50,,mahalir FRONT_Tiruppur_Urban_27022026_4193_variable.pdf,Printing Completed,Administrator,,4/8/2026 7:18:29 AM,4/8/2026 7:24:54 AM,0:01:26,4/8/2026 7:26:19 AM,0:00:53,4/8/2026 7:26:31 AM,0:04:20,4/8/2026 7:30:51 AM,Full Color,"Custom,White,177 - 220gsm",,Tray 7,Custom(297.0 x 483.0 mm),297,483,None,1,79,79,79,0,0,0,0,0,0,0,0,0,79,,0,None,,
4/8/2026 7:34:54 AM,52,,mahalir FRONT_Tiruppur_Rural_27022026_7673_variable.pdf,RIP Completed,Administrator,,4/8/2026 7:31:27 AM,4/8/2026 7:32:45 AM,0:02:09,,,,,,Full Color,,,,,0,0,None,1,111,0,0,0,0,0,0,0,0,0,0,0,0,,0,None,,
4/8/2026 7:37:03 AM,53,,international conference 40 nos.pdf,RIP Completed,Administrator,,4/8/2026 7:37:01 AM,4/8/2026 7:37:03 AM,0:00:01,,,,,,Full Color,,,,,0,0,None,1,1,0,0,0,0,0,0,0,0,0,0,0,0,,0,None,,
4/8/2026 7:41:32 AM,52,,mahalir FRONT_Tiruppur_Rural_27022026_7673_variable.pdf,Printing Completed,Administrator,,4/8/2026 7:31:27 AM,4/8/2026 7:32:45 AM,0:02:09,4/8/2026 7:35:07 AM,0:02:29,4/8/2026 7:35:35 AM,0:05:57,4/8/2026 7:41:32 AM,Full Color,"Custom,White,177 - 220gsm",,Tray 7,Custom(297.0 x 483.0 mm),297,483,None,1,111,111,111,0,0,0,0,0,0,0,0,0,111,,0,None,,
4/8/2026 7:43:00 AM,53,,international conference 40 nos.pdf,Printing Completed,Administrator,,4/8/2026 7:37:01 AM,4/8/2026 7:37:03 AM,0:00:01,4/8/2026 7:41:41 AM,0:00:01,4/8/2026 7:42:36 AM,0:00:24,4/8/2026 7:43:00 AM,Full Color,"Custom,White,177 - 220gsm",,Tray 7,Custom(297.0 x 483.0 mm),297,483,None,1,1,1,1,0,0,0,0,0,0,0,0,0,1,,0,None,,
4/8/2026 7:43:01 AM,54,,mahalir FRONT_Tiruppur_Rural_27022026_386_variable.pdf,RIP Completed,Administrator,,4/8/2026 7:42:26 AM,4/8/2026 7:42:30 AM,0:00:31,,,,,,Full Color,,,,,0,0,None,1,10,0,0,0,0,0,0,0,0,0,0,0,0,,0,None,,
4/8/2026 7:43:49 AM,53,,international conference 40 nos.pdf,Printing Completed,Administrator,,4/8/2026 7:37:01 AM,4/8/2026 7:37:03 AM,0:00:01,4/8/2026 7:43:11 AM,0:00:01,4/8/2026 7:43:22 AM,0:00:27,4/8/2026 7:43:49 AM,Full Color,"Custom,White,177 - 220gsm",,Tray 7,Custom(297.0 x 483.0 mm),297,483,None,2,1,2,2,0,0,0,0,0,0,0,0,0,2,,0,None,,
4/8/2026 7:45:28 AM,54,,mahalir FRONT_Tiruppur_Rural_27022026_386_variable.pdf,Printing Completed,Administrator,,4/8/2026 7:42:26 AM,4/8/2026 7:42:30 AM,0:00:31,4/8/2026 7:44:08 AM,0:00:08,4/8/2026 7:44:36 AM,0:00:52,4/8/2026 7:45:28 AM,Full Color,"Custom,White,177 - 220gsm",,Tray 7,Custom(297.0 x 483.0 mm),297,483,None,1,10,10,10,0,0,0,0,0,0,0,0,0,10,,0,None,,
4/8/2026 7:45:36 AM,55,,mahalir FRONT_Tirupathur_Dsitrict_Rural_Freshdata_110226_210_Draft(1)_variable.pdf,RIP Completed,Administrator,,4/8/2026 7:45:30 AM,4/8/2026 7:45:32 AM,0:00:04,,,,,,Full Color,,,,,0,0,None,1,7,0,0,0,0,0,0,0,0,0,0,0,0,,0,None,,
4/8/2026 7:48:21 AM,55,,mahalir FRONT_Tirupathur_Dsitrict_Rural_Freshdata_110226_210_Draft(1)_variable.pdf,Printing Completed,Administrator,,4/8/2026 7:45:30 AM,4/8/2026 7:45:32 AM,0:00:04,4/8/2026 7:46:04 AM,0:00:06,4/8/2026 7:46:16 AM,0:02:05,4/8/2026 7:48:21 AM,Full Color,"Custom,White,177 - 220gsm",,Tray 7,Custom(297.0 x 483.0 mm),297,483,None,1,7,7,7,0,0,0,0,0,0,0,0,0,7,,0,None,,
4/8/2026 7:51:48 AM,56,,"mahalir FRONT_Thoothukudi_Rural_Batch4_011225_2614_RD,Draft_Revised_variable.pdf",RIP Completed,Administrator,,4/8/2026 7:50:22 AM,4/8/2026 7:50:34 AM,0:01:14,,,,,,Full Color,,,,,0,0,None,1,95,0,0,0,0,0,0,0,0,0,0,0,0,,0,None,,
4/8/2026 8:00:40 AM,56,,"mahalir FRONT_Thoothukudi_Rural_Batch4_011225_2614_RD,Draft_Revised_variable.pdf",Printing Completed,Administrator,,4/8/2026 7:50:22 AM,4/8/2026 7:50:34 AM,0:01:14,4/8/2026 7:53:43 AM,0:02:44,4/8/2026 7:55:30 AM,0:05:10,4/8/2026 8:00:40 AM,Full Color,"Custom,White,177 - 220gsm",,Tray 7,Custom(297.0 x 483.0 mm),297,483,None,1,95,95,95,0,0,0,0,0,0,0,0,0,95,,0,None,,
4/8/2026 8:02:23 AM,57,,mahalir  BACK_Tiruppur_Urban_27022026_4193_variable.pdf,RIP Completed,Administrator,,4/8/2026 8:02:18 AM,4/8/2026 8:02:19 AM,0:00:04,,,,,,Full Color,,,,,0,0,None,1,80,0,0,0,0,0,0,0,0,0,0,0,0,,0,None,,
4/8/2026 8:03:32 AM,58,,mahalir  BACK_Tiruppur_Rural_27022026_7673_variable.pdf,RIP Completed,Administrator,,4/8/2026 8:03:24 AM,4/8/2026 8:03:26 AM,0:00:06,,,,,,Full Color,,,,,0,0,None,1,111,0,0,0,0,0,0,0,0,0,0,0,0,,0,None,,
4/8/2026 8:03:39 AM,59,,mahalir  BACK_Tiruppur_Rural_27022026_386_variable.pdf,RIP Completed,Administrator,,4/8/2026 8:03:36 AM,4/8/2026 8:03:37 AM,0:00:02,,,,,,Full Color,,,,,0,0,None,1,10,0,0,0,0,0,0,0,0,0,0,0,0,,0,None,,
4/8/2026 8:03:49 AM,60,,mahalir  BACK_Tirupathur_Dsitrict_Rural_Freshdata_110226_210_Draft(1)_variable.pdf,RIP Completed,Administrator,,4/8/2026 8:03:46 AM,4/8/2026 8:03:47 AM,0:00:02,,,,,,Full Color,,,,,0,0,None,1,7,0,0,0,0,0,0,0,0,0,0,0,0,,0,None,,
4/8/2026 8:03:59 AM,61,,"mahalir  BACK_Thoothukudi_Rural_Batch4_011225_2614_RD,Draft_Revised_variable.pdf",RIP Completed,Administrator,,4/8/2026 8:03:54 AM,4/8/2026 8:03:55 AM,0:00:03,,,,,,Full Color,,,,,0,0,None,1,95,0,0,0,0,0,0,0,0,0,0,0,0,,0,None,,
4/8/2026 8:07:46 AM,57,,mahalir  BACK_Tiruppur_Urban_27022026_4193_variable.pdf,Printing Completed,Administrator,,4/8/2026 8:02:18 AM,4/8/2026 8:02:19 AM,0:00:04,4/8/2026 8:02:53 AM,0:01:34,4/8/2026 8:03:21 AM,0:04:25,4/8/2026 8:07:46 AM,Full Color,"Custom,White,177 - 220gsm",,Tray 7,Custom(297.0 x 483.0 mm),297,483,None,1,80,80,80,0,0,0,0,0,0,0,0,0,80,,0,None,,
4/8/2026 8:17:35 AM,58,,mahalir  BACK_Tiruppur_Rural_27022026_7673_variable.pdf,Printing Completed,Administrator,,4/8/2026 8:03:24 AM,4/8/2026 8:03:26 AM,0:00:06,4/8/2026 8:08:00 AM,0:03:11,4/8/2026 8:08:28 AM,0:09:07,4/8/2026 8:17:35 AM,Full Color,"Custom,White,177 - 220gsm",,Tray 7,Custom(297.0 x 483.0 mm),297,483,None,1,111,111,111,0,0,0,0,0,0,0,0,0,111,,0,None,,
4/8/2026 8:18:57 AM,59,,mahalir  BACK_Tiruppur_Rural_27022026_386_variable.pdf,Printing Completed,Administrator,,4/8/2026 8:03:36 AM,4/8/2026 8:03:37 AM,0:00:02,4/8/2026 8:18:12 AM,0:00:07,4/8/2026 8:18:24 AM,0:00:33,4/8/2026 8:18:57 AM,Full Color,"Custom,White,177 - 220gsm",,Tray 7,Custom(297.0 x 483.0 mm),297,483,None,1,10,10,10,0,0,0,0,0,0,0,0,0,10,,0,None,,
4/8/2026 8:19:19 AM,60,,mahalir  BACK_Tirupathur_Dsitrict_Rural_Freshdata_110226_210_Draft(1)_variable.pdf,Printing Completed,Administrator,,4/8/2026 8:03:46 AM,4/8/2026 8:03:47 AM,0:00:02,4/8/2026 8:18:23 AM,0:00:06,4/8/2026 8:18:54 AM,0:00:25,4/8/2026 8:19:19 AM,Full Color,"Custom,White,177 - 220gsm",,Tray 7,Custom(297.0 x 483.0 mm),297,483,None,1,7,7,7,0,0,0,0,0,0,0,0,0,7,,0,None,,
4/8/2026 8:24:26 AM,61,,"mahalir  BACK_Thoothukudi_Rural_Batch4_011225_2614_RD,Draft_Revised_variable.pdf",Printing Completed,Administrator,,4/8/2026 8:03:54 AM,4/8/2026 8:03:55 AM,0:00:03,4/8/2026 8:18:27 AM,0:02:39,4/8/2026 8:19:15 AM,0:05:11,4/8/2026 8:24:26 AM,Full Color,"Custom,White,177 - 220gsm",,Tray 7,Custom(297.0 x 483.0 mm),297,483,None,1,95,95,95,0,0,0,0,0,0,0,0,0,95,,0,None,,
4/8/2026 8:34:51 AM,62,,mahalir  BACK_Ramand_Rural_23_02_2026_383_Inv_data23.02.2026_variable.pdf,RIP Completed,Administrator,,4/8/2026 8:34:47 AM,4/8/2026 8:34:49 AM,0:00:02,,,,,,Full Color,,,,,0,0,None,1,16,0,0,0,0,0,0,0,0,0,0,0,0,,0,None,,
4/8/2026 8:35:57 AM,63,,mahalir  BACK_Namakkal_Urban_250226_1424_RD_variable.pdf,RIP Completed,Administrator,,4/8/2026 8:35:53 AM,4/8/2026 8:35:54 AM,0:00:03,,,,,,Full Color,,,,,0,0,None,1,59,0,0,0,0,0,0,0,0,0,0,0,0,,0,None,,
4/8/2026 8:38:07 AM,62,,mahalir  BACK_Ramand_Rural_23_02_2026_383_Inv_data23.02.2026_variable.pdf,Printing Completed,Administrator,,4/8/2026 8:34:47 AM,4/8/2026 8:34:49 AM,0:00:02,4/8/2026 8:35:01 AM,0:00:12,4/8/2026 8:37:15 AM,0:00:52,4/8/2026 8:38:07 AM,Full Color,"Custom,White,177 - 220gsm",,Tray 7,Custom(297.0 x 483.0 mm),297,483,None,1,16,16,16,0,0,0,0,0,0,0,0,0,16,,0,None,,
4/8/2026 8:41:37 AM,63,,mahalir  BACK_Namakkal_Urban_250226_1424_RD_variable.pdf,Printing Completed,Administrator,,4/8/2026 8:35:53 AM,4/8/2026 8:35:54 AM,0:00:03,4/8/2026 8:36:31 AM,0:01:38,4/8/2026 8:38:04 AM,0:03:33,4/8/2026 8:41:37 AM,Full Color,"Custom,White,177 - 220gsm",,Tray 7,Custom(297.0 x 483.0 mm),297,483,None,1,59,59,59,0,0,0,0,0,0,0,0,0,59,,0,None,,
4/8/2026 8:42:08 AM,64,,mahalir  BACK_Namakkal_Rural_Batch9_250226_33_Draft_variable.pdf,RIP Completed,Administrator,,4/8/2026 8:42:05 AM,4/8/2026 8:42:06 AM,0:00:02,,,,,,Full Color,,,,,0,0,None,1,2,0,0,0,0,0,0,0,0,0,0,0,0,,0,None,,
4/8/2026 8:43:09 AM,65,,mahalir  BACK_Namakkal_Rural_250226_474_RD_variable.pdf,RIP Completed,Administrator,,4/8/2026 8:43:05 AM,4/8/2026 8:43:06 AM,0:00:03,,,,,,Full Color,,,,,0,0,None,1,20,0,0,0,0,0,0,0,0,0,0,0,0,,0,None,,
4/8/2026 8:43:11 AM,64,,mahalir  BACK_Namakkal_Rural_Batch9_250226_33_Draft_variable.pdf,Printing Completed,Administrator,,4/8/2026 8:42:05 AM,4/8/2026 8:42:06 AM,0:00:02,4/8/2026 8:42:32 AM,0:00:02,4/8/2026 8:42:44 AM,0:00:27,4/8/2026 8:43:11 AM,Full Color,"Custom,White,177 - 220gsm",,Tray 7,Custom(297.0 x 483.0 mm),297,483,None,1,2,2,2,0,0,0,0,0,0,0,0,0,2,,0,None,,
4/8/2026 8:46:42 AM,65,,mahalir  BACK_Namakkal_Rural_250226_474_RD_variable.pdf,Printing Completed,Administrator,,4/8/2026 8:43:05 AM,4/8/2026 8:43:06 AM,0:00:03,4/8/2026 8:43:34 AM,0:00:14,4/8/2026 8:45:23 AM,0:01:19,4/8/2026 8:46:42 AM,Full Color,"Custom,White,177 - 220gsm",,Tray 7,Custom(297.0 x 483.0 mm),297,483,None,1,20,20,20,0,0,0,0,0,0,0,0,0,20,,0,None,,
4/8/2026 8:49:09 AM,66,,mahalir FRONT_Namakkal_Urban_250226_1424_RD_variable.pdf,RIP Completed,Administrator,,4/8/2026 8:48:06 AM,4/8/2026 8:48:16 AM,0:00:53,,,,,,Full Color,,,,,0,0,None,1,59,0,0,0,0,0,0,0,0,0,0,0,0,,0,None,,
4/8/2026 8:49:15 AM,67,,mahalir FRONT_Ramand_Rural_23_02_2026_383_Inv_data23.02.2026_variable.pdf,RIP Completed,Administrator,,4/8/2026 8:48:29 AM,4/8/2026 8:49:09 AM,0:00:06,,,,,,Full Color,,,,,0,0,None,1,16,0,0,0,0,0,0,0,0,0,0,0,0,,0,None,,
4/8/2026 8:49:46 AM,68,,mahalir FRONT_Namakkal_Rural_Batch9_250226_33_Draft_variable.pdf,RIP Completed,Administrator,,4/8/2026 8:48:40 AM,4/8/2026 8:49:15 AM,0:00:31,,,,,,Full Color,,,,,0,0,None,1,2,0,0,0,0,0,0,0,0,0,0,0,0,,0,None,,
4/8/2026 8:52:51 AM,69,,mahalir FRONT_Namakkal_Rural_250226_474_RD_variable.pdf,RIP Completed,Administrator,,4/8/2026 8:48:48 AM,4/8/2026 8:49:46 AM,0:03:05,,,,,,Full Color,,,,,0,0,None,1,20,0,0,0,0,0,0,0,0,0,0,0,0,,0,None,,
4/8/2026 8:55:25 AM,66,,mahalir FRONT_Namakkal_Urban_250226_1424_RD_variable.pdf,Printing Completed,Administrator,,4/8/2026 8:48:06 AM,4/8/2026 8:48:16 AM,0:00:53,4/8/2026 8:49:26 AM,0:00:39,4/8/2026 8:52:22 AM,0:03:03,4/8/2026 8:55:25 AM,Full Color,"Custom,White,177 - 220gsm",,Tray 7,Custom(297.0 x 483.0 mm),297,483,None,1,59,59,59,0,0,0,0,0,0,0,0,0,59,,0,None,,
4/8/2026 8:56:14 AM,67,,mahalir FRONT_Ramand_Rural_23_02_2026_383_Inv_data23.02.2026_variable.pdf,Printing Completed,Administrator,,4/8/2026 8:48:29 AM,4/8/2026 8:49:09 AM,0:00:06,4/8/2026 8:50:03 AM,0:00:13,4/8/2026 8:55:22 AM,0:00:52,4/8/2026 8:56:14 AM,Full Color,"Custom,White,177 - 220gsm",,Tray 7,Custom(297.0 x 483.0 mm),297,483,None,1,16,16,16,0,0,0,0,0,0,0,0,0,16,,0,None,,
4/8/2026 8:56:36 AM,68,,mahalir FRONT_Namakkal_Rural_Batch9_250226_33_Draft_variable.pdf,Printing Completed,Administrator,,4/8/2026 8:48:40 AM,4/8/2026 8:49:15 AM,0:00:31,4/8/2026 8:50:25 AM,0:00:02,4/8/2026 8:56:10 AM,0:00:26,4/8/2026 8:56:36 AM,Full Color,"Custom,White,177 - 220gsm",,Tray 7,Custom(297.0 x 483.0 mm),297,483,None,1,2,2,2,0,0,0,0,0,0,0,0,0,2,,0,None,,
4/8/2026 8:59:54 AM,69,,mahalir FRONT_Namakkal_Rural_250226_474_RD_variable.pdf,Printing Completed,Administrator,,4/8/2026 8:48:48 AM,4/8/2026 8:49:46 AM,0:03:05,4/8/2026 8:56:50 AM,0:00:14,4/8/2026 8:58:32 AM,0:01:22,4/8/2026 8:59:54 AM,Full Color,"Custom,White,177 - 220gsm",,Tray 7,Custom(297.0 x 483.0 mm),297,483,None,1,20,20,20,0,0,0,0,0,0,0,0,0,20,,0,None,,
4/9/2026 2:42:30 AM,70,,03 - 100x140mm Event F&B 38.pdf,RIP Completed,Administrator,,4/9/2026 2:42:17 AM,4/9/2026 2:42:24 AM,0:00:06,,,,,,Full Color,,,,,0,0,None,1,10,0,0,0,0,0,0,0,0,0,0,0,0,,0,None,,
4/9/2026 2:45:12 AM,70,,03 - 100x140mm Event F&B 38.pdf,Deleted,Administrator,,4/9/2026 2:42:17 AM,,,,,,,,Full Color,,,,,0,0,None,1,10,0,0,0,0,0,0,0,0,0,0,0,0,,0,None,,
4/9/2026 2:45:39 AM,71,,03 - 100x140mm Event F&B 38 (1).pdf,RIP Completed,Administrator,,4/9/2026 2:45:28 AM,4/9/2026 2:45:34 AM,0:00:05,,,,,,Full Color,,,,,0,0,None,1,10,0,0,0,0,0,0,0,0,0,0,0,0,,0,None,,
4/9/2026 2:46:37 AM,72,,02 - AL FATHAH HAJJ 2026 ID FRONT Print 46.pdf,RIP Completed,Administrator,,4/9/2026 2:46:32 AM,4/9/2026 2:46:34 AM,0:00:03,,,,,,Full Color,,,,,0,0,None,1,5,0,0,0,0,0,0,0,0,0,0,0,0,,0,None,,
4/9/2026 2:46:45 AM,73,,02 - AL FATHAH HAJJ 2026 ID BACK Print 46.pdf,RIP Completed,Administrator,,4/9/2026 2:46:39 AM,4/9/2026 2:46:41 AM,0:00:04,,,,,,Full Color,,,,,0,0,None,1,5,0,0,0,0,0,0,0,0,0,0,0,0,,0,None,,
4/9/2026 2:46:54 AM,74,,01 - BAS HAJ ID front 43.pdf,RIP Completed,Administrator,,4/9/2026 2:46:46 AM,4/9/2026 2:46:48 AM,0:00:06,,,,,,Full Color,,,,,0,0,None,1,5,0,0,0,0,0,0,0,0,0,0,0,0,,0,None,,
4/9/2026 2:46:58 AM,75,,01 - BAS HAJ ID BACK 43.pdf,RIP Completed,Administrator,,4/9/2026 2:46:53 AM,4/9/2026 2:46:54 AM,0:00:04,,,,,,Full Color,,,,,0,0,None,1,5,0,0,0,0,0,0,0,0,0,0,0,0,,0,None,,
4/9/2026 2:51:33 AM,76,,08-04-2026.pdf,RIP Completed,Administrator,,4/9/2026 2:51:23 AM,4/9/2026 2:51:29 AM,0:00:04,,,,,,Full Color,,,,,0,0,None,1,8,0,0,0,0,0,0,0,0,0,0,0,0,,0,None,,
4/9/2026 2:54:35 AM,71,,03 - 100x140mm Event F&B 38 (1).pdf,Printing Completed,Administrator,,4/9/2026 2:45:28 AM,4/9/2026 2:45:34 AM,0:00:05,4/9/2026 2:45:47 AM,0:00:07,4/9/2026 2:50:44 AM,0:03:51,4/9/2026 2:54:35 AM,Full Color,"Custom,White,177 - 220gsm",,Tray 7,Custom(297.0 x 483.0 mm),297,483,None,1,10,10,10,0,0,0,0,0,0,0,0,0,10,,0,None,,
4/9/2026 2:55:09 AM,72,,02 - AL FATHAH HAJJ 2026 ID FRONT Print 46.pdf,Printing Completed,Administrator,,4/9/2026 2:46:32 AM,4/9/2026 2:46:34 AM,0:00:03,4/9/2026 2:52:55 AM,0:00:05,4/9/2026 2:54:51 AM,0:00:18,4/9/2026 2:55:09 AM,Full Color,"Custom,White,177 - 220gsm",,Tray 7,Custom(297.0 x 483.0 mm),297,483,None,1,5,5,5,0,0,0,0,0,0,0,0,0,5,,0,None,,
4/9/2026 2:55:25 AM,73,,02 - AL FATHAH HAJJ 2026 ID BACK Print 46.pdf,Printing Completed,Administrator,,4/9/2026 2:46:39 AM,4/9/2026 2:46:41 AM,0:00:04,4/9/2026 2:53:00 AM,0:00:06,4/9/2026 2:55:06 AM,0:00:19,4/9/2026 2:55:25 AM,Full Color,"Custom,White,177 - 220gsm",,Tray 7,Custom(297.0 x 483.0 mm),297,483,None,1,5,5,5,0,0,0,0,0,0,0,0,0,5,,0,None,,
4/9/2026 2:55:40 AM,74,,01 - BAS HAJ ID front 43.pdf,Printing Completed,Administrator,,4/9/2026 2:46:46 AM,4/9/2026 2:46:48 AM,0:00:06,4/9/2026 2:53:05 AM,0:00:05,4/9/2026 2:55:21 AM,0:00:19,4/9/2026 2:55:40 AM,Full Color,"Custom,White,177 - 220gsm",,Tray 7,Custom(297.0 x 483.0 mm),297,483,None,1,5,5,5,0,0,0,0,0,0,0,0,0,5,,0,None,,
4/9/2026 2:55:55 AM,75,,01 - BAS HAJ ID BACK 43.pdf,Printing Completed,Administrator,,4/9/2026 2:46:53 AM,4/9/2026 2:46:54 AM,0:00:04,4/9/2026 2:53:09 AM,0:00:05,4/9/2026 2:55:36 AM,0:00:19,4/9/2026 2:55:55 AM,Full Color,"Custom,White,177 - 220gsm",,Tray 7,Custom(297.0 x 483.0 mm),297,483,None,1,5,5,5,0,0,0,0,0,0,0,0,0,5,,0,None,,
4/9/2026 2:56:36 AM,76,,08-04-2026.pdf,Printing Completed,Administrator,,4/9/2026 2:51:23 AM,4/9/2026 2:51:29 AM,0:00:04,4/9/2026 2:53:14 AM,0:00:06,4/9/2026 2:55:52 AM,0:00:44,4/9/2026 2:56:36 AM,Full Color,"Custom,White,177 - 220gsm",,Tray 7,Custom(297.0 x 483.0 mm),297,483,None,1,8,8,8,0,0,0,0,0,0,0,0,0,8,,0,None,,
4/9/2026 3:02:06 AM,77,,08-04-2026 23.pdf,RIP Completed,Administrator,,4/9/2026 3:02:03 AM,4/9/2026 3:02:05 AM,0:00:01,,,,,,Full Color,,,,,0,0,None,1,1,0,0,0,0,0,0,0,0,0,0,0,0,,0,None,,
4/9/2026 3:04:33 AM,77,,08-04-2026 23.pdf,Printing Completed,Administrator,,4/9/2026 3:02:03 AM,4/9/2026 3:02:05 AM,0:00:01,4/9/2026 3:02:20 AM,0:00:02,4/9/2026 3:04:10 AM,0:00:23,4/9/2026 3:04:33 AM,Full Color,"Custom,White,177 - 220gsm",,Tray 7,Custom(297.0 x 483.0 mm),297,483,None,1,1,1,1,0,0,0,0,0,0,0,0,0,1,,0,None,,
4/9/2026 3:07:15 AM,78,,ALL ACCESS - PACE Event Card F&B 15 COPY PVC.pdf,RIP Completed,Administrator,,4/9/2026 3:07:13 AM,4/9/2026 3:07:14 AM,0:00:01,,,,,,Full Color,,,,,0,0,None,1,2,0,0,0,0,0,0,0,0,0,0,0,0,,0,None,,
4/9/2026 3:07:58 AM,78,,ALL ACCESS - PACE Event Card F&B 15 COPY PVC.pdf,Printing Completed,Administrator,,4/9/2026 3:07:13 AM,4/9/2026 3:07:14 AM,0:00:01,4/9/2026 3:07:19 AM,0:00:02,4/9/2026 3:07:31 AM,0:00:27,4/9/2026 3:07:58 AM,Full Color,"Custom,White,177 - 220gsm",,Tray 7,Custom(297.0 x 483.0 mm),297,483,None,1,2,2,2,0,0,0,0,0,0,0,0,0,2,,0,None,,
4/9/2026 3:11:22 AM,78,,ALL ACCESS - PACE Event Card F&B 15 COPY PVC.pdf,Printing Completed,Administrator,,4/9/2026 3:07:13 AM,4/9/2026 3:07:14 AM,0:00:01,4/9/2026 3:09:07 AM,0:00:20,4/9/2026 3:09:36 AM,0:01:46,4/9/2026 3:11:22 AM,Full Color,"Custom,White,177 - 220gsm",,Tray 7,Custom(297.0 x 483.0 mm),297,483,None,14,2,28,28,0,0,0,0,0,0,0,0,0,28,,0,None,,
4/9/2026 3:12:17 AM,78,,ALL ACCESS - PACE Event Card F&B 15 COPY PVC.pdf,Printing Completed,Administrator,,4/9/2026 3:07:13 AM,4/9/2026 3:07:14 AM,0:00:01,4/9/2026 3:11:38 AM,0:00:03,4/9/2026 3:11:50 AM,0:00:27,4/9/2026 3:12:17 AM,Full Color,"Custom,White,177 - 220gsm",,Tray 7,Custom(297.0 x 483.0 mm),297,483,None,1,2,2,2,0,0,0,0,0,0,0,0,0,2,,0,None,,
4/9/2026 3:13:29 AM,79,,VENDOR - PACE Event Card F&B 10 COPY 300gsm (1).pdf,RIP Completed,Administrator,,4/9/2026 3:13:27 AM,4/9/2026 3:13:28 AM,0:00:01,,,,,,Full Color,,,,,0,0,None,1,2,0,0,0,0,0,0,0,0,0,0,0,0,,0,None,,
4/9/2026 3:18:37 AM,79,,VENDOR - PACE Event Card F&B 10 COPY 300gsm (1).pdf,Held,Administrator,,4/9/2026 3:13:27 AM,4/9/2026 3:13:28 AM,0:00:01,4/9/2026 3:14:24 AM,0:00:03,4/9/2026 3:15:01 AM,0:03:36,4/9/2026 3:18:37 AM,Full Color,"Custom,White,301 - 350gsm",,Tray 6,"13 x 19""",330.2,482.6,Flip on Long Edge,1,2,1,1,0,0,0,0,0,0,0,0,0,1,,2,None,,
4/9/2026 3:19:09 AM,79,,VENDOR - PACE Event Card F&B 10 COPY 300gsm (1).pdf,RIP Completed,Administrator,,4/9/2026 3:13:27 AM,4/9/2026 3:19:08 AM,0:00:01,,,,,,Full Color,,,,,0,0,None,1,1,0,0,0,0,0,0,0,0,0,0,0,0,,0,None,,
4/9/2026 3:20:25 AM,79,,VENDOR - PACE Event Card F&B 10 COPY 300gsm (1).pdf,Printing Completed,Administrator,,4/9/2026 3:13:27 AM,4/9/2026 3:19:08 AM,0:00:01,4/9/2026 3:19:32 AM,0:00:13,4/9/2026 3:19:41 AM,0:00:44,4/9/2026 3:20:25 AM,Full Color,"Custom,White,301 - 350gsm",,Tray 6,"13 x 19""",330.2,482.6,None,16,1,16,16,0,0,0,0,0,0,0,0,0,16,,0,None,,
4/9/2026 3:21:26 AM,80,,VENDOR - PACE Event Card F&B 10 COPY 300gsm (1).pdf,RIP Completed,Administrator,,4/9/2026 3:21:24 AM,4/9/2026 3:21:25 AM,0:00:01,,,,,,Full Color,,,,,0,0,None,1,2,0,0,0,0,0,0,0,0,0,0,0,0,,0,None,,
4/9/2026 3:22:12 AM,80,,VENDOR - PACE Event Card F&B 10 COPY 300gsm (1).pdf,RIP Completed,Administrator,,4/9/2026 3:21:24 AM,4/9/2026 3:22:11 AM,0:00:01,,,,,,Full Color,,,,,0,0,None,1,1,0,0,0,0,0,0,0,0,0,0,0,0,,0,None,,
4/9/2026 3:22:59 AM,80,,VENDOR - PACE Event Card F&B 10 COPY 300gsm (1).pdf,Printing Completed,Administrator,,4/9/2026 3:21:24 AM,4/9/2026 3:22:11 AM,0:00:01,4/9/2026 3:22:28 AM,0:00:03,4/9/2026 3:22:38 AM,0:00:21,4/9/2026 3:22:59 AM,Full Color,"Custom,White,301 - 350gsm",,Tray 6,"13 x 19""",330.2,482.6,None,1,1,1,1,0,0,0,0,0,0,0,0,0,1,,0,None,,
4/9/2026 3:24:03 AM,80,,VENDOR - PACE Event Card F&B 10 COPY 300gsm (1).pdf,Printing Completed,Administrator,,4/9/2026 3:21:24 AM,4/9/2026 3:22:11 AM,0:00:01,4/9/2026 3:23:32 AM,0:00:02,4/9/2026 3:23:41 AM,0:00:22,4/9/2026 3:24:03 AM,Full Color,"Custom,White,301 - 350gsm",,Tray 6,"13 x 19""",330.2,482.6,None,1,1,1,1,0,0,0,0,0,0,0,0,0,1,,0,None,,
4/9/2026 3:28:59 AM,80,,VENDOR - PACE Event Card F&B 10 COPY 300gsm (1).pdf,Error,Administrator,,4/9/2026 3:21:24 AM,,0:00:01,,0:00:09,,0:01:20,,Full Color,"Custom,White,301 - 350gsm",,Tray 6,"13 x 19""",330.2,482.6,None,10,1,1,1,0,0,0,0,0,0,0,0,0,1,1 Pages,0,None,,Tray 6 Out of Paper
4/9/2026 3:30:42 AM,80,,VENDOR - PACE Event Card F&B 10 COPY 300gsm (1).pdf,Printing Completed,Administrator,,4/9/2026 3:21:24 AM,4/9/2026 3:22:11 AM,0:00:01,4/9/2026 3:29:24 AM,0:00:08,4/9/2026 3:30:07 AM,0:00:35,4/9/2026 3:30:42 AM,Full Color,"Custom,White,301 - 350gsm",,Tray 6,"13 x 19""",330.2,482.6,None,10,1,9,9,0,0,0,0,0,0,0,0,0,9,,0,None,,
4/9/2026 5:43:48 AM,38,,mahalir FRONT_Theni_Urban_Batch_11022026_RD_4351_Draft_variable.pdf,RIP Completed,Administrator,,4/7/2026 7:40:11 AM,4/9/2026 5:40:02 AM,0:03:46,,,,,,Full Color,,,,,0,0,None,1,174,0,0,0,0,0,0,0,0,0,0,0,0,,0,None,,
4/9/2026 6:08:16 AM,38,,mahalir FRONT_Theni_Urban_Batch_11022026_RD_4351_Draft_variable.pdf,RIP Completed,Administrator,,4/7/2026 7:40:11 AM,4/9/2026 6:04:45 AM,0:03:31,,,,,,Full Color,,,,,0,0,None,1,174,0,0,0,0,0,0,0,0,0,0,0,0,,0,None,,
4/9/2026 6:24:46 AM,38,,mahalir FRONT_Theni_Urban_Batch_11022026_RD_4351_Draft_variable.pdf,Printing Completed,Administrator,,4/7/2026 7:40:11 AM,4/9/2026 6:04:45 AM,0:03:31,4/9/2026 6:08:57 AM,0:11:42,4/9/2026 6:09:52 AM,0:14:54,4/9/2026 6:24:46 AM,Full Color,"Custom,White,177 - 220gsm",,Tray 7,Custom(297.0 x 483.0 mm),297,483,None,1,174,174,174,0,0,0,0,0,0,0,0,0,174,,2,None,,
4/9/2026 10:30:20 PM,37,,mahalir  BACK_Theni_Urban_Batch_11022026_RD_4351_Draft_variable.pdf,Printing Completed,Administrator,,4/7/2026 7:40:10 AM,4/9/2026 10:28:43 PM,0:00:05,4/9/2026 10:28:44 PM,0:00:05,4/9/2026 10:29:51 PM,0:00:29,4/9/2026 10:30:20 PM,Full Color,"Custom,White,177 - 220gsm",,Tray 7,Custom(297.0 x 483.0 mm),297,483,None,1,1,1,1,0,0,0,0,0,0,0,0,0,1,,0,None,,
4/9/2026 10:32:00 PM,38,,mahalir FRONT_Theni_Urban_Batch_11022026_RD_4351_Draft_variable.pdf,Held,Administrator,,4/7/2026 7:40:11 AM,4/9/2026 10:31:38 PM,0:00:00,,,,,,Full Color,,,,,0,0,None,1,173,0,0,0,0,0,0,0,0,0,0,0,0,,0,None,,
4/9/2026 10:32:00 PM,38,,mahalir FRONT_Theni_Urban_Batch_11022026_RD_4351_Draft_variable.pdf,Deleted,Administrator,,4/7/2026 7:40:11 AM,,,,,,,,Full Color,,,,,0,0,None,1,173,0,0,0,0,0,0,0,0,0,0,0,0,,0,None,,
4/9/2026 10:32:31 PM,37,,mahalir  BACK_Theni_Urban_Batch_11022026_RD_4351_Draft_variable.pdf,RIP Completed,Administrator,,4/7/2026 7:40:10 AM,4/9/2026 10:32:24 PM,0:00:07,,,,,,Full Color,,,,,0,0,None,1,174,0,0,0,0,0,0,0,0,0,0,0,0,,0,None,,
4/9/2026 10:43:28 PM,37,,mahalir  BACK_Theni_Urban_Batch_11022026_RD_4351_Draft_variable.pdf,Printing Completed,Administrator,,4/7/2026 7:40:10 AM,4/9/2026 10:32:54 PM,0:00:07,4/9/2026 10:33:01 PM,0:06:00,4/9/2026 10:33:13 PM,0:10:15,4/9/2026 10:43:28 PM,Full Color,"Custom,White,177 - 220gsm",,Tray 7,Custom(297.0 x 483.0 mm),297,483,None,1,173,173,173,0,0,0,0,0,0,0,0,0,173,,0,None,,
Total,,,,,,,,,,,,,,,,,,,,,,,,13747,5540,4923,617,0,0,0,0,0,0,0,0,5540,,21,,,